-- phpMyAdmin SQL Dump
-- version 4.5.4.1deb2ubuntu2
-- http://www.phpmyadmin.net
--
-- Host: localhost
-- Generation Time: Jul 19, 2017 at 03:08 PM
-- Server version: 5.7.18-0ubuntu0.16.04.1
-- PHP Version: 7.0.18-0ubuntu0.16.04.1

SET SQL_MODE = "NO_AUTO_VALUE_ON_ZERO";
SET time_zone = "+00:00";


/*!40101 SET @OLD_CHARACTER_SET_CLIENT=@@CHARACTER_SET_CLIENT */;
/*!40101 SET @OLD_CHARACTER_SET_RESULTS=@@CHARACTER_SET_RESULTS */;
/*!40101 SET @OLD_COLLATION_CONNECTION=@@COLLATION_CONNECTION */;
/*!40101 SET NAMES utf8mb4 */;

--
-- Database: `osbb`
--

-- --------------------------------------------------------

--
-- Table structure for table `auth_group`
--

CREATE TABLE `auth_group` (
  `id` int(11) NOT NULL,
  `name` varchar(80) COLLATE utf8mb4_unicode_ci NOT NULL
) ENGINE=InnoDB DEFAULT CHARSET=utf8mb4 COLLATE=utf8mb4_unicode_ci;

-- --------------------------------------------------------

--
-- Table structure for table `auth_group_permissions`
--

CREATE TABLE `auth_group_permissions` (
  `id` int(11) NOT NULL,
  `group_id` int(11) NOT NULL,
  `permission_id` int(11) NOT NULL
) ENGINE=InnoDB DEFAULT CHARSET=utf8mb4 COLLATE=utf8mb4_unicode_ci;

-- --------------------------------------------------------

--
-- Table structure for table `auth_permission`
--

CREATE TABLE `auth_permission` (
  `id` int(11) NOT NULL,
  `name` varchar(255) COLLATE utf8mb4_unicode_ci NOT NULL,
  `content_type_id` int(11) NOT NULL,
  `codename` varchar(100) COLLATE utf8mb4_unicode_ci NOT NULL
) ENGINE=InnoDB DEFAULT CHARSET=utf8mb4 COLLATE=utf8mb4_unicode_ci;

--
-- Dumping data for table `auth_permission`
--

INSERT INTO `auth_permission` (`id`, `name`, `content_type_id`, `codename`) VALUES
(1, 'Can add log entry', 1, 'add_logentry'),
(2, 'Can change log entry', 1, 'change_logentry'),
(3, 'Can delete log entry', 1, 'delete_logentry'),
(4, 'Can add permission', 2, 'add_permission'),
(5, 'Can change permission', 2, 'change_permission'),
(6, 'Can delete permission', 2, 'delete_permission'),
(7, 'Can add user', 3, 'add_user'),
(8, 'Can change user', 3, 'change_user'),
(9, 'Can delete user', 3, 'delete_user'),
(10, 'Can add group', 4, 'add_group'),
(11, 'Can change group', 4, 'change_group'),
(12, 'Can delete group', 4, 'delete_group'),
(13, 'Can add content type', 5, 'add_contenttype'),
(14, 'Can change content type', 5, 'change_contenttype'),
(15, 'Can delete content type', 5, 'delete_contenttype'),
(16, 'Can add session', 6, 'add_session'),
(17, 'Can change session', 6, 'change_session'),
(18, 'Can delete session', 6, 'delete_session'),
(19, 'Can add apartment type', 7, 'add_apartmenttype'),
(20, 'Can change apartment type', 7, 'change_apartmenttype'),
(21, 'Can delete apartment type', 7, 'delete_apartmenttype'),
(22, 'Can add meter', 8, 'add_meter'),
(23, 'Can change meter', 8, 'change_meter'),
(24, 'Can delete meter', 8, 'delete_meter'),
(25, 'Can add apartment', 9, 'add_apartment'),
(26, 'Can change apartment', 9, 'change_apartment'),
(27, 'Can delete apartment', 9, 'delete_apartment'),
(28, 'Can add measurement', 10, 'add_measurement'),
(29, 'Can change measurement', 10, 'change_measurement'),
(30, 'Can delete measurement', 10, 'delete_measurement'),
(31, 'Can add meter type', 11, 'add_metertype'),
(32, 'Can change meter type', 11, 'change_metertype'),
(33, 'Can delete meter type', 11, 'delete_metertype'),
(34, 'Can add person', 12, 'add_person'),
(35, 'Can change person', 12, 'change_person'),
(36, 'Can delete person', 12, 'delete_person'),
(37, 'Can add org account', 13, 'add_orgaccount'),
(38, 'Can change org account', 13, 'change_orgaccount'),
(39, 'Can delete org account', 13, 'delete_orgaccount'),
(40, 'Can add personal account', 14, 'add_personalaccount'),
(41, 'Can change personal account', 14, 'change_personalaccount'),
(42, 'Can delete personal account', 14, 'delete_personalaccount'),
(43, 'Can add org balance', 15, 'add_orgbalance'),
(44, 'Can change org balance', 15, 'change_orgbalance'),
(45, 'Can delete org balance', 15, 'delete_orgbalance'),
(46, 'Can add service', 16, 'add_service'),
(47, 'Can change service', 16, 'change_service'),
(48, 'Can delete service', 16, 'delete_service'),
(49, 'Can add accrual', 17, 'add_accrual'),
(50, 'Can change accrual', 17, 'change_accrual'),
(51, 'Can delete accrual', 17, 'delete_accrual'),
(52, 'Can add org cost', 18, 'add_orgcost'),
(53, 'Can change org cost', 18, 'change_orgcost'),
(54, 'Can delete org cost', 18, 'delete_orgcost'),
(55, 'Can add balance', 19, 'add_balance'),
(56, 'Can change balance', 19, 'change_balance'),
(57, 'Can delete balance', 19, 'delete_balance'),
(58, 'Can add payment', 20, 'add_payment'),
(59, 'Can change payment', 20, 'change_payment'),
(60, 'Can delete payment', 20, 'delete_payment'),
(61, 'Can add accrual detail', 21, 'add_accrualdetail'),
(62, 'Can change accrual detail', 21, 'change_accrualdetail'),
(63, 'Can delete accrual detail', 21, 'delete_accrualdetail');

-- --------------------------------------------------------

--
-- Table structure for table `auth_user`
--

CREATE TABLE `auth_user` (
  `id` int(11) NOT NULL,
  `password` varchar(128) COLLATE utf8mb4_unicode_ci NOT NULL,
  `last_login` datetime(6) DEFAULT NULL,
  `is_superuser` tinyint(1) NOT NULL,
  `username` varchar(150) COLLATE utf8mb4_unicode_ci NOT NULL,
  `first_name` varchar(30) COLLATE utf8mb4_unicode_ci NOT NULL,
  `last_name` varchar(30) COLLATE utf8mb4_unicode_ci NOT NULL,
  `email` varchar(254) COLLATE utf8mb4_unicode_ci NOT NULL,
  `is_staff` tinyint(1) NOT NULL,
  `is_active` tinyint(1) NOT NULL,
  `date_joined` datetime(6) NOT NULL
) ENGINE=InnoDB DEFAULT CHARSET=utf8mb4 COLLATE=utf8mb4_unicode_ci;

--
-- Dumping data for table `auth_user`
--

INSERT INTO `auth_user` (`id`, `password`, `last_login`, `is_superuser`, `username`, `first_name`, `last_name`, `email`, `is_staff`, `is_active`, `date_joined`) VALUES
(1, 'pbkdf2_sha256$36000$qqQXS7gG8jR3$dQf/xmezdL493CnoG9hXhqRULl1/uc/315+XTbL27ao=', '2017-07-17 10:00:27.318079', 1, 'dovbeta', '', '', 'dovbeta@gmail.com', 1, 1, '2017-07-17 09:59:59.046528');

-- --------------------------------------------------------

--
-- Table structure for table `auth_user_groups`
--

CREATE TABLE `auth_user_groups` (
  `id` int(11) NOT NULL,
  `user_id` int(11) NOT NULL,
  `group_id` int(11) NOT NULL
) ENGINE=InnoDB DEFAULT CHARSET=utf8mb4 COLLATE=utf8mb4_unicode_ci;

-- --------------------------------------------------------

--
-- Table structure for table `auth_user_user_permissions`
--

CREATE TABLE `auth_user_user_permissions` (
  `id` int(11) NOT NULL,
  `user_id` int(11) NOT NULL,
  `permission_id` int(11) NOT NULL
) ENGINE=InnoDB DEFAULT CHARSET=utf8mb4 COLLATE=utf8mb4_unicode_ci;

-- --------------------------------------------------------

--
-- Table structure for table `django_admin_log`
--

CREATE TABLE `django_admin_log` (
  `id` int(11) NOT NULL,
  `action_time` datetime(6) NOT NULL,
  `object_id` longtext COLLATE utf8mb4_unicode_ci,
  `object_repr` varchar(200) COLLATE utf8mb4_unicode_ci NOT NULL,
  `action_flag` smallint(5) UNSIGNED NOT NULL,
  `change_message` longtext COLLATE utf8mb4_unicode_ci NOT NULL,
  `content_type_id` int(11) DEFAULT NULL,
  `user_id` int(11) NOT NULL
) ENGINE=InnoDB DEFAULT CHARSET=utf8mb4 COLLATE=utf8mb4_unicode_ci;

--
-- Dumping data for table `django_admin_log`
--

INSERT INTO `django_admin_log` (`id`, `action_time`, `object_id`, `object_repr`, `action_flag`, `change_message`, `content_type_id`, `user_id`) VALUES
(1, '2017-07-17 10:01:45.784077', '1', 'ApartmentType object', 1, '[{"added": {}}]', 7, 1),
(2, '2017-07-17 10:02:08.655788', '2', 'ApartmentType object', 1, '[{"added": {}}]', 7, 1),
(3, '2017-07-17 10:02:20.323238', '3', 'ApartmentType object', 1, '[{"added": {}}]', 7, 1),
(4, '2017-07-17 10:02:47.673661', '4', 'ApartmentType object', 1, '[{"added": {}}]', 7, 1),
(5, '2017-07-17 10:02:57.404494', '5', 'ApartmentType object', 1, '[{"added": {}}]', 7, 1),
(6, '2017-07-17 11:46:40.217037', '1', 'Тепловий (МВт)', 1, '[{"added": {}}]', 11, 1),
(7, '2017-07-17 11:47:03.861949', '2', 'Тепловий (Гкал)', 1, '[{"added": {}}]', 11, 1),
(8, '2017-07-17 11:47:43.125709', '3', 'Електричний', 1, '[{"added": {}}]', 11, 1),
(9, '2017-07-17 11:47:55.256353', '4', 'Газовий', 1, '[{"added": {}}]', 11, 1),
(10, '2017-07-17 13:56:44.611373', '321', 'Довбета Світлана', 1, '[{"added": {}}]', 12, 1),
(11, '2017-07-17 13:57:46.590676', '147', '136а', 2, '[]', 9, 1),
(12, '2017-07-17 13:58:24.902793', '322', 'Довбета Данило', 1, '[{"added": {}}]', 12, 1),
(13, '2017-07-17 13:59:07.811422', '323', 'Довбета Дарина', 1, '[{"added": {}}]', 12, 1),
(14, '2017-07-19 08:21:08.848075', '1', 'Service object', 1, '[{"added": {}}]', 16, 1),
(15, '2017-07-19 08:25:20.530697', '2', 'Теплове навантаження', 1, '[{"added": {}}]', 16, 1),
(16, '2017-07-19 08:27:21.416355', '3', 'Опалення (МВт)', 1, '[{"added": {}}]', 16, 1),
(17, '2017-07-19 08:27:51.277318', '4', 'Опалення (Гкал)', 1, '[{"added": {}}]', 16, 1),
(18, '2017-07-19 12:04:46.497034', '263', '246', 2, '[]', 9, 1),
(19, '2017-07-19 12:05:03.455704', '263', '246', 2, '[]', 9, 1);

-- --------------------------------------------------------

--
-- Table structure for table `django_content_type`
--

CREATE TABLE `django_content_type` (
  `id` int(11) NOT NULL,
  `app_label` varchar(100) COLLATE utf8mb4_unicode_ci NOT NULL,
  `model` varchar(100) COLLATE utf8mb4_unicode_ci NOT NULL
) ENGINE=InnoDB DEFAULT CHARSET=utf8mb4 COLLATE=utf8mb4_unicode_ci;

--
-- Dumping data for table `django_content_type`
--

INSERT INTO `django_content_type` (`id`, `app_label`, `model`) VALUES
(1, 'admin', 'logentry'),
(4, 'auth', 'group'),
(2, 'auth', 'permission'),
(3, 'auth', 'user'),
(5, 'contenttypes', 'contenttype'),
(17, 'osbb', 'accrual'),
(21, 'osbb', 'accrualdetail'),
(9, 'osbb', 'apartment'),
(7, 'osbb', 'apartmenttype'),
(19, 'osbb', 'balance'),
(10, 'osbb', 'measurement'),
(8, 'osbb', 'meter'),
(11, 'osbb', 'metertype'),
(13, 'osbb', 'orgaccount'),
(15, 'osbb', 'orgbalance'),
(18, 'osbb', 'orgcost'),
(20, 'osbb', 'payment'),
(12, 'osbb', 'person'),
(14, 'osbb', 'personalaccount'),
(16, 'osbb', 'service'),
(6, 'sessions', 'session');

-- --------------------------------------------------------

--
-- Table structure for table `django_migrations`
--

CREATE TABLE `django_migrations` (
  `id` int(11) NOT NULL,
  `app` varchar(255) COLLATE utf8mb4_unicode_ci NOT NULL,
  `name` varchar(255) COLLATE utf8mb4_unicode_ci NOT NULL,
  `applied` datetime(6) NOT NULL
) ENGINE=InnoDB DEFAULT CHARSET=utf8mb4 COLLATE=utf8mb4_unicode_ci;

--
-- Dumping data for table `django_migrations`
--

INSERT INTO `django_migrations` (`id`, `app`, `name`, `applied`) VALUES
(1, 'contenttypes', '0001_initial', '2017-07-17 09:40:16.364713'),
(2, 'auth', '0001_initial', '2017-07-17 09:40:16.466285'),
(3, 'admin', '0001_initial', '2017-07-17 09:40:16.498605'),
(4, 'admin', '0002_logentry_remove_auto_add', '2017-07-17 09:40:16.511574'),
(5, 'contenttypes', '0002_remove_content_type_name', '2017-07-17 09:40:16.544032'),
(6, 'auth', '0002_alter_permission_name_max_length', '2017-07-17 09:40:16.556376'),
(7, 'auth', '0003_alter_user_email_max_length', '2017-07-17 09:40:16.566941'),
(8, 'auth', '0004_alter_user_username_opts', '2017-07-17 09:40:16.577885'),
(9, 'auth', '0005_alter_user_last_login_null', '2017-07-17 09:40:16.595635'),
(10, 'auth', '0006_require_contenttypes_0002', '2017-07-17 09:40:16.596816'),
(11, 'auth', '0007_alter_validators_add_error_messages', '2017-07-17 09:40:16.627096'),
(12, 'auth', '0008_alter_user_username_max_length', '2017-07-17 09:40:16.642107'),
(13, 'sessions', '0001_initial', '2017-07-17 09:40:16.653697'),
(14, 'osbb', '0001_initial', '2017-07-17 09:59:14.258568'),
(15, 'osbb', '0002_auto_20170717_1155', '2017-07-17 11:55:41.049303'),
(16, 'osbb', '0003_auto_20170717_1156', '2017-07-17 11:56:35.668955'),
(17, 'osbb', '0004_person', '2017-07-17 12:55:02.493644'),
(18, 'osbb', '0005_auto_20170717_1258', '2017-07-17 12:59:00.120462'),
(19, 'osbb', '0006_auto_20170717_1328', '2017-07-17 13:28:15.693213'),
(20, 'osbb', '0007_person_is_owner', '2017-07-17 14:18:26.205474'),
(21, 'osbb', '0008_auto_20170719_0810', '2017-07-19 08:10:09.483606'),
(22, 'osbb', '0009_auto_20170719_1207', '2017-07-19 12:08:15.532733');

-- --------------------------------------------------------

--
-- Table structure for table `django_session`
--

CREATE TABLE `django_session` (
  `session_key` varchar(40) COLLATE utf8mb4_unicode_ci NOT NULL,
  `session_data` longtext COLLATE utf8mb4_unicode_ci NOT NULL,
  `expire_date` datetime(6) NOT NULL
) ENGINE=InnoDB DEFAULT CHARSET=utf8mb4 COLLATE=utf8mb4_unicode_ci;

--
-- Dumping data for table `django_session`
--

INSERT INTO `django_session` (`session_key`, `session_data`, `expire_date`) VALUES
('15zbttdoooqz0bj3qy1hxswnscoit5u5', 'ZjdhMjI1OGJkNzk0MDZmNjU3MjdhYzg3NDQ5NDBmZDA3OTkwNGMwNDp7Il9hdXRoX3VzZXJfaWQiOiIxIiwiX2F1dGhfdXNlcl9iYWNrZW5kIjoiZGphbmdvLmNvbnRyaWIuYXV0aC5iYWNrZW5kcy5Nb2RlbEJhY2tlbmQiLCJfYXV0aF91c2VyX2hhc2giOiJiODcwMmFlYzcwZDZmMjhhMWZmNjRhZTVmODVkNTc3ZjU5NTZlMmY2In0=', '2017-07-31 10:00:27.321082');

-- --------------------------------------------------------

--
-- Table structure for table `osbb_accrual`
--

CREATE TABLE `osbb_accrual` (
  `id` int(11) NOT NULL,
  `date` datetime(6) NOT NULL,
  `personal_account_id` int(11) NOT NULL
) ENGINE=InnoDB DEFAULT CHARSET=utf8mb4 COLLATE=utf8mb4_unicode_ci;

-- --------------------------------------------------------

--
-- Table structure for table `osbb_accrualdetail`
--

CREATE TABLE `osbb_accrualdetail` (
  `id` int(11) NOT NULL,
  `value` double NOT NULL,
  `date` datetime(6) NOT NULL,
  `accrual_id` int(11) NOT NULL,
  `service_id` int(11) NOT NULL
) ENGINE=InnoDB DEFAULT CHARSET=utf8mb4 COLLATE=utf8mb4_unicode_ci;

-- --------------------------------------------------------

--
-- Table structure for table `osbb_apartment`
--

CREATE TABLE `osbb_apartment` (
  `id` int(11) NOT NULL,
  `number` varchar(5) COLLATE utf8mb4_unicode_ci NOT NULL,
  `entrance` int(11) NOT NULL,
  `floor` int(11) NOT NULL,
  `area` double NOT NULL,
  `rooms_number` int(11) NOT NULL,
  `type_id` int(11) NOT NULL
) ENGINE=InnoDB DEFAULT CHARSET=utf8mb4 COLLATE=utf8mb4_unicode_ci;

--
-- Dumping data for table `osbb_apartment`
--

INSERT INTO `osbb_apartment` (`id`, `number`, `entrance`, `floor`, `area`, `rooms_number`, `type_id`) VALUES
(1, '1', 1, 2, 94.1, 3, 1),
(2, '2', 1, 2, 78.3, 2, 1),
(3, '3', 1, 2, 52, 1, 1),
(4, '4', 1, 3, 94.1, 3, 1),
(5, '5', 1, 3, 78.7, 2, 1),
(6, '6', 1, 3, 51.9, 1, 1),
(7, '7', 1, 4, 94.1, 3, 1),
(8, '8', 1, 4, 78.5, 2, 1),
(9, '9', 1, 4, 51.9, 1, 1),
(10, '10', 1, 5, 94.2, 3, 1),
(11, '11', 1, 5, 78.4, 2, 1),
(12, '12', 1, 5, 52.1, 1, 1),
(13, '13', 1, 6, 96.4, 3, 1),
(14, '14', 1, 6, 82.2, 2, 1),
(15, '15', 1, 6, 55.5, 1, 1),
(16, '16', 1, 7, 96.6, 3, 1),
(17, '17', 1, 7, 82.5, 2, 1),
(18, '18', 1, 7, 55, 1, 1),
(19, '19', 1, 8, 96.4, 3, 1),
(20, '20', 1, 8, 82.8, 2, 1),
(21, '21', 1, 8, 55.4, 1, 1),
(22, '22а', 1, 10, 91.4, 3, 1),
(23, '22', 1, 9, 95.6, 3, 1),
(24, '23а', 1, 10, 75.3, 2, 1),
(25, '23', 1, 9, 82.5, 2, 1),
(26, '24', 1, 9, 55.4, 1, 1),
(27, '24а', 1, 10, 48.3, 1, 1),
(28, '25', 2, 2, 68.9, 2, 1),
(29, '26', 2, 2, 50.2, 1, 1),
(30, '27', 2, 2, 69.4, 2, 1),
(31, '28', 2, 3, 69.3, 2, 1),
(32, '29', 2, 3, 50.2, 1, 1),
(33, '30', 2, 3, 69.6, 2, 1),
(34, '31', 2, 4, 73.7, 2, 1),
(35, '32', 2, 4, 49.9, 1, 1),
(36, '33', 2, 4, 69.6, 2, 1),
(37, '34', 2, 5, 69.3, 2, 1),
(38, '35', 2, 5, 50.2, 1, 1),
(39, '36', 2, 5, 69.7, 2, 1),
(40, '37', 2, 6, 71.3, 2, 1),
(41, '38', 2, 6, 52.2, 1, 1),
(42, '39', 2, 6, 71.6, 2, 1),
(43, '40', 2, 7, 71, 2, 1),
(44, '41', 2, 7, 51.9, 1, 1),
(45, '42', 2, 7, 71.5, 2, 1),
(46, '43', 2, 8, 71.1, 2, 1),
(47, '44', 2, 8, 52, 1, 1),
(48, '45', 2, 8, 71.6, 2, 1),
(49, '46а', 2, 10, 66.2, 2, 1),
(50, '46', 2, 9, 70.6, 2, 1),
(51, '47', 2, 9, 102, 3, 1),
(52, '48а', 2, 10, 67.5, 2, 1),
(53, '48', 2, 9, 71.5, 2, 1),
(54, '49', 3, 2, 69.1, 2, 1),
(55, '50', 3, 2, 50.1, 1, 1),
(56, '51', 3, 2, 69.1, 2, 1),
(57, '52', 3, 3, 69.2, 2, 1),
(58, '53', 3, 3, 50.1, 1, 1),
(59, '54', 3, 3, 69.1, 2, 1),
(60, '55', 3, 4, 69, 2, 1),
(61, '56', 3, 4, 50.1, 1, 1),
(62, '57', 3, 4, 69.1, 2, 1),
(63, '58', 3, 5, 69.2, 2, 1),
(64, '59', 3, 5, 50.4, 1, 1),
(65, '60', 3, 5, 69.4, 2, 1),
(66, '61', 3, 6, 71.2, 2, 1),
(67, '62', 3, 6, 52.1, 1, 1),
(68, '63', 3, 6, 71.4, 2, 1),
(69, '64', 3, 7, 71.3, 2, 1),
(70, '65', 3, 7, 52.2, 1, 1),
(71, '66', 3, 7, 71.3, 2, 1),
(72, '67', 3, 8, 71.1, 2, 1),
(73, '68', 3, 8, 52.2, 1, 1),
(74, '69', 3, 8, 71.2, 2, 1),
(75, '70', 3, 9, 144.9, 2, 1),
(76, '71', 3, 9, 51.9, 1, 1),
(77, '72', 3, 9, 99.3, 3, 1),
(78, '73', 4, 2, 67.6, 2, 1),
(79, '74', 4, 2, 91.2, 3, 1),
(80, '75', 4, 3, 67.7, 2, 1),
(81, '76', 4, 3, 91.8, 3, 1),
(82, '77', 4, 4, 68, 2, 1),
(83, '78', 4, 4, 91.9, 3, 1),
(84, '79', 4, 5, 67.8, 2, 1),
(85, '80', 4, 5, 92.2, 3, 1),
(86, '81', 4, 6, 70.9, 2, 1),
(87, '82', 4, 6, 95, 3, 1),
(88, '83', 4, 7, 71, 2, 1),
(89, '84', 4, 7, 95.1, 3, 1),
(90, '85', 4, 8, 70.8, 2, 1),
(91, '86', 4, 8, 95.3, 3, 1),
(92, '87', 4, 9, 145, 4, 1),
(93, '88', 4, 9, 94.9, 3, 1),
(94, '88а', 4, 10, 93.6, 2, 1),
(95, '89', 5, 2, 94.3, 3, 1),
(96, '90', 5, 2, 78.1, 2, 1),
(97, '91', 5, 2, 51.3, 1, 1),
(98, '92', 5, 3, 94.5, 3, 1),
(99, '93', 5, 3, 78.3, 2, 1),
(100, '94', 5, 3, 51.3, 1, 1),
(101, '95', 5, 4, 94.4, 3, 1),
(102, '96', 5, 4, 78.2, 2, 1),
(103, '97', 5, 4, 51.5, 1, 1),
(104, '98', 5, 5, 94.2, 3, 1),
(105, '99', 5, 5, 78.4, 2, 1),
(106, '100', 5, 5, 51.2, 1, 1),
(107, '101', 5, 6, 96.8, 3, 1),
(108, '102', 5, 6, 80.7, 2, 1),
(109, '103', 5, 6, 54.4, 1, 1),
(110, '104', 5, 7, 97.1, 3, 1),
(111, '105', 5, 7, 81.1, 2, 1),
(112, '106', 5, 7, 54.8, 1, 1),
(113, '107', 5, 8, 97, 3, 1),
(114, '108', 5, 8, 81.6, 2, 1),
(115, '109', 5, 8, 54.9, 1, 1),
(116, '110', 5, 9, 96.6, 3, 1),
(117, '110а', 5, 10, 92.6, 3, 1),
(118, '111а', 5, 10, 82, 2, 1),
(119, '111', 5, 9, 81.7, 2, 1),
(120, '112', 5, 9, 55.1, 1, 1),
(121, '112а', 5, 10, 48, 1, 1),
(122, '113', 6, 2, 68.8, 2, 1),
(123, '114', 6, 2, 49.7, 1, 1),
(124, '115', 6, 2, 69.1, 2, 1),
(125, '116', 6, 3, 68.8, 2, 1),
(126, '117', 6, 3, 50, 1, 1),
(127, '118', 6, 3, 69.1, 2, 1),
(128, '119', 6, 4, 68.8, 2, 1),
(129, '120', 6, 4, 49.9, 1, 1),
(130, '121', 6, 4, 68.8, 2, 1),
(131, '122', 6, 5, 69.4, 2, 1),
(132, '123', 6, 5, 50.3, 1, 1),
(133, '124', 6, 5, 68.7, 2, 1),
(134, '125', 6, 6, 71.2, 2, 1),
(135, '126', 6, 6, 51.7, 1, 1),
(136, '127', 6, 6, 71, 2, 1),
(137, '128', 6, 7, 71.2, 2, 1),
(138, '129', 6, 7, 51.7, 1, 1),
(139, '130', 6, 7, 71.1, 2, 1),
(140, '131', 6, 8, 71.2, 2, 1),
(141, '132', 6, 8, 51.6, 1, 1),
(142, '133', 6, 8, 71.2, 2, 1),
(143, '134', 6, 9, 71.1, 2, 1),
(144, '134а', 6, 10, 67.4, 2, 1),
(145, '135', 6, 9, 99.8, 2, 1),
(146, '136', 6, 9, 71.5, 2, 1),
(147, '136а', 6, 10, 68.5, 2, 1),
(148, '137', 7, 2, 69, 2, 1),
(149, '138', 7, 2, 50, 1, 1),
(150, '139', 7, 2, 69.4, 2, 1),
(151, '140', 7, 3, 69.2, 2, 1),
(152, '141', 7, 3, 49.9, 1, 1),
(153, '142', 7, 3, 69.2, 2, 1),
(154, '143', 7, 4, 69.1, 2, 1),
(155, '144', 7, 4, 49.6, 1, 1),
(156, '145', 7, 4, 69.4, 2, 1),
(157, '146', 7, 5, 69.2, 2, 1),
(158, '147', 7, 5, 49.9, 1, 1),
(159, '148', 7, 5, 69, 2, 1),
(160, '149', 7, 6, 71.3, 2, 1),
(161, '150', 7, 6, 51.8, 1, 1),
(162, '151', 7, 6, 71.3, 2, 1),
(163, '152', 7, 7, 71.4, 2, 1),
(164, '153', 7, 7, 51.7, 1, 1),
(165, '154', 7, 7, 71.4, 2, 1),
(166, '155', 7, 8, 71.2, 2, 1),
(167, '156', 7, 8, 51.6, 1, 1),
(168, '157', 7, 8, 71.5, 2, 1),
(169, '158', 7, 9, 70.9, 2, 1),
(170, '158а', 7, 10, 67.3, 2, 1),
(171, '159', 7, 9, 100.7, 2, 1),
(172, '160а', 7, 10, 68, 2, 1),
(173, '160', 7, 9, 71.8, 2, 1),
(174, '161', 8, 2, 51.4, 1, 1),
(175, '162', 8, 2, 78.3, 2, 1),
(176, '163', 8, 2, 94.2, 3, 1),
(177, '164', 8, 3, 51.4, 1, 1),
(178, '165', 8, 3, 78.4, 2, 1),
(179, '166', 8, 3, 94.2, 3, 1),
(180, '167', 8, 4, 51.2, 1, 1),
(181, '168', 8, 4, 78.6, 2, 1),
(182, '169', 8, 4, 94.4, 3, 1),
(183, '170', 8, 5, 51.5, 1, 1),
(184, '171', 8, 5, 78.7, 2, 1),
(185, '172', 8, 5, 94.7, 3, 1),
(186, '173', 8, 6, 54.7, 1, 1),
(187, '174', 8, 6, 81.8, 2, 1),
(188, '175', 8, 6, 97, 3, 1),
(189, '176', 8, 7, 54.7, 1, 1),
(190, '177', 8, 7, 82.2, 2, 1),
(191, '178', 8, 7, 96.9, 3, 1),
(192, '179', 8, 8, 54.9, 1, 1),
(193, '180', 8, 8, 82, 2, 1),
(194, '181', 8, 8, 97, 3, 1),
(195, '182', 8, 9, 54.9, 1, 1),
(196, '182а', 8, 10, 47.3, 1, 1),
(197, '183', 8, 9, 81.7, 2, 1),
(198, '183а', 8, 10, 81.3, 2, 1),
(199, '184', 8, 9, 96, 3, 1),
(200, '184а', 8, 10, 93.4, 3, 1),
(201, '185', 9, 2, 91.9, 3, 1),
(202, '186', 9, 2, 68.1, 2, 1),
(203, '187', 9, 3, 91.9, 3, 1),
(204, '188', 9, 3, 68.3, 2, 1),
(205, '189', 9, 4, 92.2, 3, 1),
(206, '190', 9, 4, 68.4, 2, 1),
(207, '191', 9, 5, 92.2, 3, 1),
(208, '192', 9, 5, 68.1, 2, 1),
(209, '193', 9, 6, 94.5, 3, 1),
(210, '194', 9, 6, 71.1, 2, 1),
(211, '195', 9, 7, 95, 3, 1),
(212, '196', 9, 7, 70.6, 2, 1),
(213, '197', 9, 8, 95.4, 3, 1),
(214, '198', 9, 8, 70.9, 2, 1),
(215, '199', 9, 9, 95.3, 3, 1),
(216, '199а', 9, 10, 92.5, 3, 1),
(217, '200', 9, 9, 146.8, 4, 1),
(218, '201', 10, 2, 69.4, 2, 1),
(219, '202', 10, 2, 49.7, 1, 1),
(220, '203', 10, 2, 70, 2, 1),
(221, '204', 10, 3, 69.5, 2, 1),
(222, '205', 10, 3, 49.8, 1, 1),
(223, '206', 10, 3, 69.4, 2, 1),
(224, '207', 10, 4, 69, 2, 1),
(225, '208', 10, 4, 50.3, 1, 1),
(226, '209', 10, 4, 69.5, 2, 1),
(227, '210', 10, 5, 69.1, 2, 1),
(228, '211', 10, 5, 50.1, 1, 1),
(229, '212', 10, 5, 69.5, 2, 1),
(230, '213', 10, 6, 71.4, 2, 1),
(231, '214', 10, 6, 51.8, 1, 1),
(232, '215', 10, 6, 71.4, 2, 1),
(233, '216', 10, 7, 71.6, 2, 1),
(234, '217', 10, 7, 51.9, 1, 1),
(235, '218', 10, 7, 71.7, 2, 1),
(236, '219', 10, 8, 71.8, 2, 1),
(237, '220', 10, 8, 51.3, 1, 1),
(238, '221', 10, 8, 72.1, 2, 1),
(239, '222', 10, 9, 145.8, 2, 1),
(240, '223', 10, 9, 51.8, 1, 1),
(241, '224', 10, 9, 101, 3, 1),
(242, '225', 11, 2, 69, 2, 1),
(243, '226', 11, 2, 49.6, 1, 1),
(244, '227', 11, 2, 69, 2, 1),
(245, '228', 11, 3, 68.9, 2, 1),
(246, '229', 11, 3, 49.6, 1, 1),
(247, '230', 11, 3, 69, 2, 1),
(248, '231', 11, 4, 69.1, 2, 1),
(249, '232', 11, 4, 49.8, 1, 1),
(250, '233', 11, 4, 69.1, 2, 1),
(251, '234', 11, 5, 69, 2, 1),
(252, '235', 11, 5, 49.7, 1, 1),
(253, '236', 11, 5, 69.1, 2, 1),
(254, '237', 11, 6, 71.1, 2, 1),
(255, '238', 11, 6, 51.5, 1, 1),
(256, '239', 11, 6, 71.1, 2, 1),
(257, '240', 11, 7, 71.2, 2, 1),
(258, '241', 11, 7, 51.9, 1, 1),
(259, '242', 11, 7, 71.2, 2, 1),
(260, '243', 11, 8, 71.5, 2, 1),
(261, '244', 11, 8, 51.4, 1, 1),
(262, '245', 11, 8, 71.4, 2, 1),
(263, '246', 11, 9, 71.4, 2, 1),
(264, '246а', 11, 10, 66.6, 2, 1),
(265, '247', 11, 9, 101.4, 3, 1),
(266, '248а', 11, 10, 67.5, 2, 1),
(267, '248', 11, 9, 71.3, 2, 1),
(268, '249', 12, 2, 69.3, 2, 1),
(269, '250', 12, 2, 49.7, 1, 1),
(270, '251', 12, 2, 69.3, 2, 1),
(271, '252', 12, 3, 69.2, 2, 1),
(272, '253', 12, 3, 50.1, 1, 1),
(273, '254', 12, 3, 69.6, 2, 1),
(274, '255', 12, 4, 69.2, 2, 1),
(275, '256', 12, 4, 49.8, 1, 1),
(276, '257', 12, 4, 69.5, 2, 1),
(277, '258', 12, 5, 69.3, 2, 1),
(278, '259', 12, 5, 49.9, 1, 1),
(279, '260', 12, 5, 69.6, 2, 1),
(280, '261', 12, 6, 71.4, 2, 1),
(281, '262', 12, 6, 51.6, 1, 1),
(282, '263', 12, 6, 71.6, 2, 1),
(283, '264', 12, 7, 71.5, 2, 1),
(284, '265', 12, 7, 51.8, 1, 1),
(285, '266', 12, 7, 71.6, 2, 1),
(286, '267', 12, 8, 71, 2, 1),
(287, '268', 12, 8, 51.4, 1, 1),
(288, '269', 12, 8, 71.6, 2, 1),
(289, '270а', 12, 10, 67.5, 2, 1),
(290, '270', 12, 9, 71.6, 2, 1),
(291, '271', 12, 9, 101.5, 3, 1),
(292, '272а', 12, 10, 68.6, 2, 1),
(293, '272', 12, 9, 71.5, 2, 1),
(294, '273', 13, 2, 51.4, 1, 1),
(295, '274', 13, 2, 78.4, 2, 1),
(296, '275', 13, 2, 94.6, 3, 1),
(297, '276', 13, 3, 51.4, 1, 1),
(298, '277', 13, 3, 78.6, 2, 1),
(299, '278', 13, 3, 94.6, 3, 1),
(300, '279', 13, 4, 51.6, 1, 1),
(301, '280', 13, 4, 78.6, 2, 1),
(302, '281', 13, 4, 94.7, 3, 1),
(303, '282', 13, 5, 52, 1, 1),
(304, '283', 13, 5, 78.6, 2, 1),
(305, '284', 13, 5, 94.2, 3, 1),
(306, '285', 13, 6, 55.1, 1, 1),
(307, '286', 13, 6, 82.6, 2, 1),
(308, '287', 13, 6, 97.2, 3, 1),
(309, '288', 13, 7, 55.2, 1, 1),
(310, '289', 13, 7, 82.4, 2, 1),
(311, '290', 13, 7, 97, 3, 1),
(312, '291', 13, 8, 55.6, 1, 1),
(313, '292', 13, 8, 82.8, 2, 1),
(314, '293', 13, 8, 97.4, 3, 1),
(315, '294', 13, 9, 54.9, 1, 1),
(316, '294а', 13, 10, 47.6, 1, 1),
(317, '295', 13, 9, 82.3, 2, 1),
(318, '295а', 13, 10, 76, 2, 1),
(319, '296а', 13, 10, 93, 3, 1),
(320, '296', 13, 9, 96.3, 3, 1);

-- --------------------------------------------------------

--
-- Table structure for table `osbb_apartmenttype`
--

CREATE TABLE `osbb_apartmenttype` (
  `id` int(11) NOT NULL,
  `text` varchar(100) COLLATE utf8mb4_unicode_ci NOT NULL
) ENGINE=InnoDB DEFAULT CHARSET=utf8mb4 COLLATE=utf8mb4_unicode_ci;

--
-- Dumping data for table `osbb_apartmenttype`
--

INSERT INTO `osbb_apartmenttype` (`id`, `text`) VALUES
(1, 'Квартира'),
(2, 'Офіс'),
(3, 'Підвал'),
(4, 'Сміттєкамера'),
(5, 'Кладовка');

-- --------------------------------------------------------

--
-- Table structure for table `osbb_balance`
--

CREATE TABLE `osbb_balance` (
  `id` int(11) NOT NULL,
  `date` datetime(6) NOT NULL,
  `value` double NOT NULL,
  `personal_account_id` int(11) NOT NULL
) ENGINE=InnoDB DEFAULT CHARSET=utf8mb4 COLLATE=utf8mb4_unicode_ci;

-- --------------------------------------------------------

--
-- Table structure for table `osbb_measurement`
--

CREATE TABLE `osbb_measurement` (
  `id` int(11) NOT NULL,
  `value` int(11) NOT NULL,
  `pub_date` datetime(6) NOT NULL,
  `meter_id` int(11) NOT NULL
) ENGINE=InnoDB DEFAULT CHARSET=utf8mb4 COLLATE=utf8mb4_unicode_ci;

-- --------------------------------------------------------

--
-- Table structure for table `osbb_meter`
--

CREATE TABLE `osbb_meter` (
  `id` int(11) NOT NULL,
  `number` varchar(50) COLLATE utf8mb4_unicode_ci NOT NULL,
  `valid_date` date NOT NULL,
  `apartment_id` int(11) NOT NULL,
  `type_id` int(11) NOT NULL
) ENGINE=InnoDB DEFAULT CHARSET=utf8mb4 COLLATE=utf8mb4_unicode_ci;

--
-- Dumping data for table `osbb_meter`
--

INSERT INTO `osbb_meter` (`id`, `number`, `valid_date`, `apartment_id`, `type_id`) VALUES
(1, '11 041 378', '2016-10-21', 1, 1),
(2, '11 041 085', '2016-11-03', 2, 1),
(3, '11 041 137', '2016-11-10', 3, 1),
(4, '13 141 609', '2016-11-15', 4, 1),
(5, '11 041 115', '2016-11-15', 5, 1),
(6, '13 141 600', '2016-11-15', 7, 1),
(7, '13 141 532', '2016-10-21', 10, 1),
(8, '13 141 528', '2015-04-06', 11, 1),
(9, '13 141 604', '2016-10-21', 12, 1),
(10, '13 141 607', '2016-10-21', 13, 1),
(11, '13 141 573', '2016-09-14', 14, 1),
(12, '13 141 570', '2016-10-21', 15, 1),
(13, '13 141 531', '2016-11-10', 16, 1),
(14, '13 141 601', '2016-10-21', 18, 1),
(15, '13 141 514', '2016-11-03', 19, 1),
(16, '13 141 575', '2016-10-21', 20, 1),
(17, '3 741 384', '2016-11-10', 25, 1),
(18, '3 941 668', '2016-11-10', 26, 1),
(19, '23 441 192', '2016-11-10', 22, 1),
(20, '23 340 079', '2016-10-21', 24, 1),
(21, '23 441 196', '2016-10-21', 27, 1),
(22, '13 141 523', '2016-10-21', 28, 1),
(23, '13 141 565', '2016-11-15', 29, 1),
(24, '1 576 852', '2017-04-01', 30, 1),
(25, '13 141 535', '2016-10-10', 31, 1),
(26, '13 141 602', '2016-11-15', 32, 1),
(27, '13 141 612', '2016-10-21', 33, 1),
(28, '13 141 511', '2016-10-21', 34, 1),
(29, '1 314 561', '2016-11-16', 37, 1),
(30, '13 141 549', '2016-11-15', 38, 1),
(31, '13 141 608', '2016-11-15', 39, 1),
(32, '13 141 548', '2016-10-10', 40, 1),
(33, '13 141 598', '2016-11-03', 41, 1),
(34, '13 141 553', '2016-11-03', 42, 1),
(35, '13 141 581', '2016-10-21', 43, 1),
(36, '13 141 541', '2016-10-21', 44, 1),
(37, '1 314 576', '2016-11-15', 45, 1),
(38, '13 141 529', '2016-10-21', 46, 1),
(39, '13 141 517', '2016-10-21', 47, 1),
(40, '13 141 563', '2016-10-19', 48, 1),
(41, '3 741 389', '2016-11-03', 50, 1),
(42, '3 941 667', '2016-10-21', 51, 1),
(43, '3 941 670', '2016-10-21', 53, 1),
(44, '23 340 066', '2016-10-21', 49, 1),
(45, '23 340 050', '2016-11-15', 52, 1),
(46, '13 141 610', '2016-06-29', 54, 1),
(47, '13 141 599', '2016-11-10', 55, 1),
(48, '13 141 574', '2015-10-13', 56, 1),
(49, '13 141 534', '2015-11-10', 57, 1),
(50, '13 141 618', '2016-11-03', 58, 1),
(51, '13 141 533', '2015-10-27', 60, 1),
(52, '13 141 508', '2016-09-14', 61, 1),
(53, '13 141 622', '2016-10-10', 63, 1),
(55, '13 141 516', '2016-09-14', 65, 1),
(57, '13 141 621', '2016-10-10', 67, 1),
(59, '13 141 564', '2016-11-15', 70, 1),
(60, '13 141 593', '2016-10-21', 71, 1),
(61, '13 141 620', '2016-11-03', 73, 1),
(62, '13 141 519', '2016-10-21', 74, 1),
(63, '3 840 465', '2016-10-21', 75, 1),
(64, '3 741 382', '2016-11-15', 77, 1),
(65, '11 041 379', '2016-11-03', 78, 1),
(66, '11 041 111', '2016-09-29', 79, 1),
(67, '11 041 141', '2016-11-03', 81, 1),
(68, '11 041 371', '2016-11-15', 82, 1),
(69, '11 041 376', '2016-10-10', 85, 1),
(70, '11 041 364', '2016-10-21', 86, 1),
(71, '11 041 361', '2016-10-21', 87, 1),
(72, '11 041 372', '2016-11-15', 88, 1),
(73, '11 041 377', '2016-11-03', 89, 1),
(74, '11 041 118', '2016-11-03', 90, 1),
(75, '11 041 134', '2016-10-21', 91, 1),
(76, '3 741 392', '2016-11-03', 92, 1),
(77, '3 840 791', '2016-10-21', 93, 1),
(78, '23 340 084', '2016-11-09', 94, 1),
(79, '13 640 062', '2016-12-06', 95, 1),
(80, '13 141 526', '2016-10-21', 97, 1),
(81, '13 141 590', '2016-11-10', 98, 1),
(82, '13 640 191', '2016-11-23', 99, 1),
(83, '13 640 050', '2016-11-15', 100, 1),
(84, '13 640 007', '2016-10-21', 101, 1),
(85, '13 640 190', '2016-10-10', 102, 1),
(86, '13 640 027', '2016-10-21', 103, 1),
(87, '13 640 192', '2016-10-21', 104, 1),
(88, '13 640 012', '2016-12-06', 105, 1),
(89, '13 640 026', '2016-10-21', 106, 1),
(90, '13 640 016', '2016-10-21', 107, 1),
(91, '13 640 057', '2016-10-21', 109, 1),
(92, '13 141 591', '2016-10-21', 110, 1),
(93, '13 640 005', '2016-10-21', 111, 1),
(94, '13 640 056', '2016-11-03', 112, 1),
(95, '13 640 069', '2016-10-21', 113, 1),
(96, '13 640 049', '2016-11-10', 115, 1),
(97, '12 240 831', '2016-11-03', 116, 1),
(98, '12 240 827', '2016-10-21', 119, 1),
(99, '12 240 923', '2016-10-21', 120, 1),
(100, '23 441 199', '2016-09-14', 117, 1),
(101, '233 450 100', '2016-09-19', 118, 1),
(102, '23 441 194', '2016-10-21', 121, 1),
(103, '13 640 017', '2016-11-16', 122, 1),
(104, '13 141 629', '2016-11-10', 123, 1),
(105, '13 640 073', '2016-10-21', 124, 1),
(106, '13 640 394', '2016-11-15', 125, 1),
(107, '13 141 537', '2016-10-21', 126, 1),
(108, '13 640 015', '2016-10-21', 127, 1),
(109, '13 640 181', '2016-11-15', 128, 1),
(110, '13 640 078', '2016-10-21', 129, 1),
(111, '13 640 074', '2016-11-03', 131, 1),
(112, '13 141 596', '2016-11-10', 132, 1),
(113, '13 640 101', '2016-10-21', 133, 1),
(114, '13 141 585', '2016-12-07', 135, 1),
(115, '13 141 560', '2016-10-21', 136, 1),
(116, '13 640 204', '2016-10-21', 137, 1),
(117, '13 640 123', '2016-10-21', 138, 1),
(118, '13 141 504', '2016-11-10', 139, 1),
(119, '13 141 614', '2016-10-10', 140, 1),
(120, '13 640 060', '2016-10-21', 141, 1),
(121, '13 141 605', '2016-10-21', 142, 1),
(122, '12 240 804', '2016-10-21', 143, 1),
(123, '12 240 806', '2016-11-10', 145, 1),
(124, '13 842 061', '2016-10-21', 146, 1),
(125, '23 441 204', '2016-10-21', 144, 1),
(126, '23 340 055', '2016-09-14', 147, 1),
(127, '23 722 412', '2016-11-10', 148, 1),
(128, '13 640 179', '2016-11-10', 149, 1),
(129, '13 640 119', '2016-11-10', 150, 1),
(130, '13 640 201', '2016-11-03', 151, 1),
(131, '13 640 173', '2016-11-15', 152, 1),
(132, '13 640 164', '2016-10-21', 154, 1),
(133, '13 640 148', '2016-10-21', 155, 1),
(134, '13 640 144', '2016-10-21', 156, 1),
(135, '13 640 165', '2016-09-14', 157, 1),
(136, '13 640 171', '2016-10-21', 158, 1),
(137, '13 640 183', '2016-10-21', 160, 1),
(138, '43 540 303', '2016-11-24', 161, 1),
(139, '13 640 132', '2016-11-03', 162, 1),
(140, '13 640 177', '2016-10-21', 163, 1),
(141, '13 141 547', '2016-10-21', 164, 1),
(142, '13 640 040', '2016-10-21', 165, 1),
(143, '23 441 273', '2016-11-10', 166, 1),
(144, '1 587 799', '2016-11-24', 167, 1),
(145, '13 640 014', '2016-11-03', 168, 1),
(146, '13 541 092', '2016-10-21', 169, 1),
(147, '13 541 084', '2016-10-21', 171, 1),
(148, '12 240 903', '2016-11-03', 173, 1),
(149, '23 340 056', '2016-11-10', 170, 1),
(150, '23 441 189', '2016-10-21', 172, 1),
(151, '13 640 068', '2016-10-21', 174, 1),
(152, '13 141 619', '2016-09-19', 175, 1),
(153, '13 141 584', '2016-09-29', 176, 1),
(154, '13 640 158', '2016-12-06', 177, 1),
(155, '13 141 617', '2016-11-03', 178, 1),
(156, '13 640 018', '2016-11-10', 179, 1),
(157, '13 141 805', '2016-11-10', 180, 1),
(158, '13 640 047', '2016-10-21', 182, 1),
(159, '13 640 051', '2016-11-15', 183, 1),
(160, '8 845 045 332', '2014-08-04', 184, 1),
(161, '13 640 090', '2016-11-15', 185, 1),
(162, '13 640 081', '2016-10-10', 187, 1),
(163, '13 141 624', '2016-09-14', 188, 1),
(164, '13 141 558', '2016-10-21', 189, 1),
(165, '131 411 626', '2016-10-10', 190, 1),
(166, '13 141 507', '2016-10-21', 191, 1),
(167, '13 640 067', '2016-11-11', 192, 1),
(168, '13 640 063', '2016-10-21', 193, 1),
(169, '13 640 046', '2016-11-10', 194, 1),
(170, '12 240 821', '2016-10-21', 197, 1),
(171, '12 280 805', '2016-10-21', 199, 1),
(172, '23 340 097', '2016-10-21', 196, 1),
(173, '23 340 108', '2016-11-15', 198, 1),
(174, '23 340 080', '2016-12-13', 200, 1),
(175, '13 141 509', '2016-10-21', 201, 1),
(176, '13 141 632', '2016-11-03', 202, 1),
(177, '13 141 512', '2016-10-10', 205, 1),
(178, '13 141 579', '2016-11-15', 206, 1),
(179, '23 441 218', '2016-12-06', 207, 1),
(180, '13 141 587', '2016-10-10', 208, 1),
(181, '13 141 586', '2016-11-03', 209, 1),
(182, '13 141 625', '2016-10-21', 210, 1),
(183, '13 141 623', '2016-11-15', 211, 1),
(184, '13 141 588', '2016-10-21', 212, 1),
(185, '13 640 044', '2016-10-21', 213, 1),
(186, '13 141 578', '2016-11-10', 214, 1),
(187, '13 541 083', '2016-10-21', 215, 1),
(188, '23 441 280', '2016-11-03', 216, 1),
(189, '12 240 814', '2016-10-21', 217, 1),
(190, '13 640 059', '2016-10-21', 218, 1),
(191, '23 441 274', '2016-10-21', 220, 1),
(192, '13 640 070', '2016-10-10', 221, 1),
(193, '13 640 095', '2016-10-21', 222, 1),
(194, '13 640 046', '2016-11-15', 223, 1),
(195, '13 640 091', '2016-11-03', 224, 1),
(196, '13 640 065', '2016-09-29', 225, 1),
(197, '13 640 196', '2016-09-07', 226, 1),
(198, '13 640 089', '2016-10-21', 227, 1),
(199, '13 640 038', '2016-10-21', 228, 1),
(200, '13 640 039', '2016-10-21', 229, 1),
(201, '13 640 055', '2016-10-21', 230, 1),
(202, '13 640 020', '2016-11-03', 231, 1),
(203, '13 640 030', '2016-09-14', 232, 1),
(204, '13 640 023', '2016-10-21', 233, 1),
(205, '13 640 034', '2016-10-12', 234, 1),
(206, '13 640 053', '2016-10-21', 235, 1),
(207, '13 640 036', '2016-10-21', 236, 1),
(208, '13 640 029', '2016-11-03', 237, 1),
(209, '13 640 043', '2016-10-21', 238, 1),
(210, '13 541 082', '2016-10-21', 239, 1),
(212, '13 640 082', '2016-10-21', 240, 1),
(213, '12 240 918', '2016-10-21', 241, 1),
(214, '13 141 582', '2016-10-21', 242, 1),
(215, '13 141 554', '2016-11-15', 243, 1),
(216, '23 441 286', '2016-11-15', 244, 1),
(217, '13 640 061', '2016-10-21', 245, 1),
(218, '13 640 041', '2016-11-10', 246, 1),
(219, '13 640 045', '2016-11-10', 247, 1),
(220, '13 141 551', '2016-10-21', 248, 1),
(221, '13 141 543', '2016-10-21', 249, 1),
(222, '13 640 162', '2016-11-03', 250, 1),
(223, '13 141 597', '2016-11-10', 251, 1),
(224, '13 541 978', '2016-10-21', 252, 1),
(225, '13 640 186', '2016-11-15', 253, 1),
(226, '13 141 583', '2016-11-15', 254, 1),
(227, '13 640 159', '2016-11-14', 256, 1),
(228, '13 141 503', '2016-11-15', 257, 1),
(229, '13 141 527', '2016-09-14', 258, 1),
(230, '13 141 530', '2016-10-21', 259, 1),
(231, '13 640 176', '2016-10-21', 261, 1),
(232, '13 640 161', '2016-11-10', 262, 1),
(233, '1 630 868', '2016-09-29', 263, 1),
(234, '12 240 822', '2016-11-10', 265, 1),
(235, '23 340 051', '2016-10-21', 264, 1),
(236, '3 741 387', '2016-11-10', 267, 1),
(237, '23 441 215', '2016-10-21', 266, 1),
(238, '13 640 149', '2016-10-21', 268, 1),
(239, '13 541 977', '2016-11-15', 269, 1),
(240, '13 141 539', '2016-11-10', 270, 1),
(241, '13 141 542', '2016-11-03', 272, 1),
(242, '13 141 567', '2016-11-15', 273, 1),
(243, '13 640 075', '2016-11-03', 275, 1),
(244, '13 640 064', '2016-11-10', 276, 1),
(245, '13 141 630', '2016-10-21', 277, 1),
(246, '13 640 100', '2016-11-24', 278, 1),
(247, '13 640 019', '2016-10-21', 279, 1),
(248, '13 141 545', '2016-10-21', 280, 1),
(249, '13 640 066', '2016-11-15', 281, 1),
(250, '13 141 538', '2016-10-21', 282, 1),
(251, '13 640 157', '2016-11-03', 283, 1),
(252, '13 640 092', '2016-11-15', 284, 1),
(253, '13 141 540', '2016-10-21', 285, 1),
(254, '13 640 139', '2016-10-21', 286, 1),
(255, '13 541 086', '2016-10-21', 287, 1),
(256, '13 141 559', '2016-10-21', 288, 1),
(257, '13 541 086', '2106-10-21', 290, 1),
(258, '12 240 919', '2016-09-29', 293, 1),
(259, '23 441 268', '2016-10-21', 289, 1),
(260, '23 340 074', '2016-10-10', 292, 1),
(261, '13 640 042', '2016-10-21', 294, 1),
(262, '13 640 085', '2016-10-21', 295, 1),
(263, '13 141 556', '2016-10-21', 296, 1),
(264, '13 640 003', '2016-11-10', 297, 1),
(265, '13 640 058', '2016-10-21', 298, 1),
(266, '13 640 088', '2016-10-21', 299, 1),
(267, '13 141 595', '2016-10-21', 300, 1),
(268, '13 640 174', '2016-11-03', 301, 1),
(269, '13 640 006', '2016-10-21', 302, 1),
(270, '13 141 615', '2016-11-15', 303, 1),
(271, '13 141 550', '2016-11-10', 304, 1),
(272, '13 640 079', '2016-10-21', 305, 1),
(273, '13 640 028', '2016-10-21', 306, 1),
(274, '13 640 032', '2016-11-03', 307, 1),
(275, '13 640 188', '2016-10-21', 308, 1),
(276, '13 141 506', '2016-10-21', 309, 1),
(277, '13 640 197', '2016-10-21', 310, 1),
(278, '13 640 199', '2016-10-21', 311, 1),
(279, '13 640 087', '2016-11-03', 312, 1),
(280, '4 404 091', '2015-03-02', 313, 1),
(281, '13 640 052', '2016-10-21', 314, 1),
(282, '12 240 794', '2016-10-21', 315, 1),
(283, '12 240 797', '2016-10-21', 317, 1),
(284, '22 440 552', '2016-11-10', 320, 1),
(285, '23 441 282', '2016-10-10', 316, 1),
(286, '23 441 209', '2013-08-01', 318, 1),
(287, '23 441 198', '2016-10-21', 319, 1);

-- --------------------------------------------------------

--
-- Table structure for table `osbb_metertype`
--

CREATE TABLE `osbb_metertype` (
  `id` int(11) NOT NULL,
  `text` varchar(100) COLLATE utf8mb4_unicode_ci NOT NULL,
  `uom` varchar(100) COLLATE utf8mb4_unicode_ci NOT NULL
) ENGINE=InnoDB DEFAULT CHARSET=utf8mb4 COLLATE=utf8mb4_unicode_ci;

--
-- Dumping data for table `osbb_metertype`
--

INSERT INTO `osbb_metertype` (`id`, `text`, `uom`) VALUES
(1, 'Тепловий (МВт)', 'МВт'),
(2, 'Тепловий (Гкал)', 'Гкал'),
(3, 'Електричний', 'КВт*год'),
(4, 'Газовий', 'м3');

-- --------------------------------------------------------

--
-- Table structure for table `osbb_orgaccount`
--

CREATE TABLE `osbb_orgaccount` (
  `id` int(11) NOT NULL,
  `title` varchar(20) COLLATE utf8mb4_unicode_ci NOT NULL,
  `number` varchar(20) COLLATE utf8mb4_unicode_ci NOT NULL
) ENGINE=InnoDB DEFAULT CHARSET=utf8mb4 COLLATE=utf8mb4_unicode_ci;

-- --------------------------------------------------------

--
-- Table structure for table `osbb_orgbalance`
--

CREATE TABLE `osbb_orgbalance` (
  `id` int(11) NOT NULL,
  `date` datetime(6) NOT NULL,
  `value` double NOT NULL,
  `org_account_id` int(11) NOT NULL
) ENGINE=InnoDB DEFAULT CHARSET=utf8mb4 COLLATE=utf8mb4_unicode_ci;

-- --------------------------------------------------------

--
-- Table structure for table `osbb_orgcost`
--

CREATE TABLE `osbb_orgcost` (
  `id` int(11) NOT NULL,
  `date` datetime(6) NOT NULL,
  `value` double NOT NULL,
  `receiver` varchar(100) COLLATE utf8mb4_unicode_ci NOT NULL,
  `comment` varchar(200) COLLATE utf8mb4_unicode_ci NOT NULL,
  `org_account_id` int(11) NOT NULL
) ENGINE=InnoDB DEFAULT CHARSET=utf8mb4 COLLATE=utf8mb4_unicode_ci;

-- --------------------------------------------------------

--
-- Table structure for table `osbb_payment`
--

CREATE TABLE `osbb_payment` (
  `id` int(11) NOT NULL,
  `date` datetime(6) NOT NULL,
  `value` double NOT NULL,
  `org_account_id` int(11) NOT NULL,
  `personal_account_id` int(11) NOT NULL
) ENGINE=InnoDB DEFAULT CHARSET=utf8mb4 COLLATE=utf8mb4_unicode_ci;

-- --------------------------------------------------------

--
-- Table structure for table `osbb_person`
--

CREATE TABLE `osbb_person` (
  `id` int(11) NOT NULL,
  `first_name` varchar(100) COLLATE utf8mb4_unicode_ci NOT NULL,
  `middle_name` varchar(100) COLLATE utf8mb4_unicode_ci NOT NULL,
  `last_name` varchar(100) COLLATE utf8mb4_unicode_ci NOT NULL,
  `is_owner` tinyint(1) NOT NULL
) ENGINE=InnoDB DEFAULT CHARSET=utf8mb4 COLLATE=utf8mb4_unicode_ci;

--
-- Dumping data for table `osbb_person`
--

INSERT INTO `osbb_person` (`id`, `first_name`, `middle_name`, `last_name`, `is_owner`) VALUES
(1, 'Марія', 'Михайлівна', 'Кричак', 1),
(2, 'Йосиф', 'Іванович', 'Полегонький', 1),
(3, 'Ірина', 'Ярославівна', 'Івасик', 1),
(4, 'Наталія', 'Володимирівна', 'Михайлишин', 1),
(5, 'Марія', 'Іванівна', 'Михайлишин', 1),
(6, 'Марія', 'Мар\'янівна', 'Деревко', 1),
(7, 'Мирон', 'Мирославович', 'Дутко', 1),
(8, 'Руслан', 'Євгенович', 'Лебідь', 1),
(9, 'Тамара', 'Петрівна', 'Милян', 1),
(10, 'Оксана', 'Валеріївна', 'Костенюк', 1),
(11, 'Ярина', 'Зеновіївна', 'Липська', 1),
(12, 'Орест', 'Ярославович', 'Ігнатів', 1),
(13, 'Мар"яна', 'Миколаївна', 'Догополова', 1),
(14, 'Марія', 'Ярославівна', 'Ковальчук', 1),
(15, 'Віталій', 'Стефанович', 'Павко', 1),
(16, 'Андрій', 'Володимирович', 'Дуда', 1),
(17, '№', '65', 'ШРБУ', 1),
(18, 'Ольга', 'Олегівна', 'Дмитрів', 1),
(19, 'Зореслава', 'Ігорівна', 'Клим', 1),
(20, 'Тетяна', 'Петрівна', 'Найчук', 1),
(21, 'Руслана', 'Володимирівна', 'Кременовська', 1),
(22, 'Святослав', 'Любомирович', 'Гвоздинський', 1),
(23, 'Любов', 'Михайлівна', 'Сивуляк', 1),
(24, 'Олена', 'Іванівна', 'Гулей', 1),
(25, 'Яків', 'Вікторович', 'Карпович', 1),
(26, 'Ганна', 'Гнатівна', 'Величко', 1),
(27, 'Юлія', 'Степанівна', 'Півала', 1),
(28, 'Людмила', 'Ярославівна', 'Левицька', 1),
(29, 'Василь', 'Богданович', 'Чех', 1),
(30, 'Мар\'яна', 'Богданівна', 'Самарук', 1),
(31, 'Тетяна', 'Степанівна', 'Тимчишин', 1),
(32, 'Михайло', 'М', 'Крьока', 1),
(33, 'Галина', 'Володимирівна', 'Кошик', 1),
(34, 'Оксана', 'Стефанівна', 'Микита', 1),
(35, 'Роман', 'Омелянович', 'Гупало', 1),
(36, 'Ростислав', 'Михайлович', 'Якимів', 1),
(37, 'Євгенія', 'Костянтинівна', 'Лисейко', 1),
(38, 'Дарія', 'Володимирівна', 'Сивак', 1),
(39, 'Тетяна', 'Іванівна', 'Демчук', 1),
(40, 'Руслан', 'Юрійович', 'Коломієць', 1),
(41, 'Наталія', 'Василівна', 'Халітова', 1),
(42, 'Микола', 'Степанович', 'Мошовський', 1),
(43, 'Лариса', 'Григорівна', 'Голіней', 1),
(44, 'Юрій', 'Ігорович', 'Гайдук', 1),
(45, 'Вікторія', 'Володимирівна', 'Голембйовська', 1),
(46, 'Мар`яна', 'Богданівна', 'Панчишин', 1),
(47, 'Андрій', 'Михайлович', 'Хір', 1),
(48, 'Марія', 'Михайлівна', 'Мигаль', 1),
(49, 'Надія', 'Богданівна', 'Бар', 1),
(50, 'Ігор', 'Володимирович', 'Зузак', 1),
(51, 'Тетяна', 'Петрівна47', 'Найчук', 1),
(52, 'Павло', 'Устимович', 'Макітринський', 1),
(53, 'Оксана', 'Михайлівна', 'Шеменда', 1),
(54, 'Ольга', 'Іванівна', 'Босяк', 1),
(55, 'Мирослав', 'Миколайович', 'Курчак', 1),
(56, 'Наталія', 'Василівна', 'Назар', 1),
(57, 'Марія', 'Євгенівна', 'Кебало', 1),
(58, 'Надія', 'Йосипівна', 'Черньова', 1),
(59, 'Олександра', 'Михайлівна', 'Кахній', 1),
(60, 'Ганна', 'Іванівна', 'Харо', 1),
(61, 'Оксана', 'Миронівна', 'Рішко', 1),
(62, 'Віра', 'Богданівна', 'Рогожинська', 1),
(63, 'Ольга', 'Володимирівна', 'Насвіт', 1),
(64, 'Павло', 'Михайлович', 'Сеньків', 1),
(65, 'Тарас', 'Ігорович', 'Наконечний', 1),
(66, 'Надія', 'Іванівна', 'Кріцак', 1),
(67, 'Михайло', 'Пантелеймонович', 'Різник', 1),
(68, 'Галина', 'Михайлівна', 'Задорожна', 1),
(69, 'Христина', 'Ярославівна', 'Думін', 1),
(70, 'Любов', 'Миколаївна', 'Ярема', 1),
(71, 'Юлія', 'Григорівна', 'Бокало', 1),
(72, 'Лілія', 'Анатоліївна', 'Жук', 1),
(73, 'Мирослава', 'Миронівна', 'Здеб', 1),
(74, 'Олена', 'Костянтинівна', 'Кіт', 1),
(75, 'Р.', 'В.', 'Гринчук', 1),
(76, 'Ігор', 'Володимирович', 'Козак', 1),
(77, 'Ольга', 'Анатоліївна', 'Гера', 1),
(78, 'Георгій', 'Олександрович', 'Рехвіашвілі', 1),
(79, 'Олександр', 'Михайлович', 'Плєсков', 1),
(80, 'Галина', 'Богданівна', 'Зварич', 1),
(81, 'Владислав-Богдан', 'Богдан', 'Андрусевич', 1),
(82, 'Оксана', 'Олегівна', 'Заболотна', 1),
(83, 'Олександра', 'Григорівна', 'Ленишин', 1),
(84, 'Галина', 'Антонівна', 'Курнат', 1),
(85, 'Вячеслав', 'Валерійович', 'Малюта', 1),
(86, 'Володимир', 'Васильович', 'Метляков', 1),
(87, 'Оксана', 'Миколаївна', 'Леськів', 1),
(88, 'Сергій', 'Володимирович', 'Якушевський', 1),
(89, 'Ярослав', 'Михайлович', 'Кормило', 1),
(90, 'Ольга', 'Григорівна', 'Балук', 1),
(91, 'Юлія', 'Іванівна', 'Копко', 1),
(92, 'Вадим', 'Анатолійович', 'Артюх', 1),
(93, 'Леся', 'Дмитрівна', 'Шалай', 1),
(94, 'Віктор', 'Вікторович', 'Макосій', 1),
(95, 'Галина', 'Ігорівна', 'Мазур', 1),
(96, 'Іван', 'Вікторович', 'Вівдіч', 1),
(97, 'Ліда', 'Богданівна', 'Симоні', 1),
(98, 'Орест', 'Ярославович', 'Яремко', 1),
(99, 'Михайло', 'Олександрович', 'Борис', 1),
(100, 'Ігор', 'Федорович', 'Лазурко', 1),
(101, 'Оксана', 'Франківна', 'Невмержицька', 1),
(102, 'Іван', 'Іванович', 'Ярич', 1),
(103, 'Наталія', 'Степанівна', 'Маца', 1),
(104, 'Галина', 'Миронівна', 'Белза', 1),
(105, 'Галина', 'Ярославівна', 'Микитин', 1),
(106, 'Олег', 'Вікторович', 'Костюк', 1),
(107, 'Андрій', 'Романович', 'Футерко', 1),
(108, 'Андрій', 'Ігорович', 'Ткач', 1),
(109, 'Вікторія', 'Олександрівна', 'Івашків', 1),
(110, 'Зоряна', 'Миколаївна', 'Фурда', 1),
(111, 'Олена', 'Валентинівна', 'Тимінська', 1),
(112, 'Марія', 'Володимирівна', 'Орищин', 1),
(113, 'Оксана', 'Володимирівна', 'Пєкна', 1),
(114, 'Ігор', 'Іванович', 'Радкевич', 1),
(115, 'Мар"ян', 'Богданович', 'Брухаль', 1),
(116, 'Ігор', 'Ігорович', 'Запорожський', 1),
(117, 'Юлія', 'Анатоліївна', 'Міщенко', 1),
(118, 'Олександр', 'Сергійович', 'Пасєка', 1),
(119, 'Валентина', 'Анатоліївна', 'Шевчик', 1),
(120, 'Марія', 'Володимирівна', 'Іваніцька', 1),
(121, 'Михайло', 'Вікторович', 'Марців', 1),
(122, 'Христина', 'Дмитрівна', 'Скочиліс', 1),
(123, 'Олексій', 'Юрійович', 'Піхут', 1),
(124, 'Катерина', 'Василівна', 'Федорович', 1),
(125, 'Ігор', 'Зенонович', 'Пигитяк', 1),
(126, 'Людмила', 'Олександрівна', 'Шульгачик', 1),
(127, 'Роман', 'Миколайович', 'Ковалик', 1),
(128, 'Марія', 'Михайлівна', 'Пешко', 1),
(129, 'Роман', 'Іванович', 'Куча', 1),
(130, 'Юрій', 'Степанович', 'Гук', 1),
(131, 'Степан', 'Ігорович', 'Мельник', 1),
(132, 'Юрій', 'Степанович', 'Крет', 1),
(133, 'Ігор', 'Володимирович', 'Савків', 1),
(134, 'Надія', 'Олексіївна', 'Тимура', 1),
(135, 'Ольга', 'Станіславівна', 'Романчук', 1),
(136, 'Мирослава', 'Петрівна', 'Каліш', 1),
(137, 'Михайло', 'Йосипович', 'Машталяр', 1),
(138, 'Наталія', 'Володимирівна', 'Шумінська', 1),
(139, 'Мирослава', 'Ярославівна', 'Івасик', 1),
(140, 'Леся', 'Орестівна', 'Салата', 1),
(141, 'Людмила', 'Романівна', 'Мамалига', 1),
(142, 'Ольга', 'Андріївна', 'Затварська', 1),
(143, 'Ольга', 'Іванівна', 'Рибалко', 1),
(144, 'Сергій', 'Юрійович', 'Божко', 1),
(145, 'Віра', 'Володимирівна', 'Гладка', 1),
(146, 'Володимир', 'Орестович', 'Рибалко', 1),
(147, 'Роман', 'Петрович', 'Довбета', 1),
(148, 'Роман', 'Михайлович', 'Чуловський', 1),
(149, 'Ігор', 'Богданович', 'Іваник', 1),
(150, 'Оскар', 'Борисович', 'Савчин', 1),
(151, 'Богдан', 'Ігорович', 'Слободян', 1),
(152, 'Вікторія', 'Олександрівна', 'Пайтак', 1),
(153, 'Леся', 'Борисівна', 'Баранова', 1),
(154, 'Василь', 'Петрович', 'Переймибіда', 1),
(155, 'Олег', 'Богданович', 'Могитич', 1),
(156, 'Надія', 'Володимирівна', 'Савосіна', 1),
(157, 'Ігор', 'Андрійович', 'Павлів', 1),
(158, 'Марія', 'Михайлівна', 'Кущак', 1),
(159, 'Денис', 'Олександрович', 'Топольник', 1),
(160, 'Ірина', 'Володимирівна', 'Сасай', 1),
(161, 'Віктор', 'Вікторович', 'Блохін', 1),
(162, 'Марія', 'Ярославівна', 'Тітова', 1),
(163, 'Володимир', 'Іванович', 'Підківка', 1),
(164, 'Іван', 'Петрович', 'Черкас', 1),
(165, 'Ігор', 'Васильович', 'Брунець', 1),
(166, 'Мар\'яна', 'Степанівна', 'Лопатчак', 1),
(167, 'Надія', 'Олексіївна', 'Женило', 1),
(168, 'Лідія', 'Павлівна', 'Кізло', 1),
(169, 'Ганна', 'Степанівна', 'Климович', 1),
(170, 'Ганна', 'Михайлівна', 'Федорич', 1),
(171, 'Андрій', 'Ігорович', 'Крецула', 1),
(172, 'Ірина', 'Миколаївна', 'Вороняк', 1),
(173, 'Роман', 'Олегович', 'Сморгун', 1),
(174, 'Володимир', 'Антонович', 'Данилишин', 1),
(175, 'Надія', 'Юріївна', 'Панчишин', 1),
(176, 'Марія', 'Володимирівна', 'Комарницька', 1),
(177, 'Наталія', 'Вікторівна', 'Палюніна', 1),
(178, 'Софія', 'Шагідуллівна', 'Умрякова', 1),
(179, 'Світлана', 'Іванівна', 'Налисник', 1),
(180, 'Олександр', 'Олексійович', 'Баранов', 1),
(181, 'Євгенія', 'Семенівна', 'Павлович', 1),
(182, 'Євген', 'Анатолійович', 'Самсонов', 1),
(183, 'Наталія', 'Володимирівна', 'Чериба', 1),
(184, 'Руслан', 'Миколайович', 'Кушнірчук', 1),
(185, 'Василь', 'Богданович', 'Гарабчук', 1),
(186, 'Олег', 'Франкович', 'Михальський', 1),
(187, 'Юрій', 'Іванович', 'Смотр', 1),
(188, 'Тарас', 'Павлович', 'Луферчик', 1),
(189, 'Віталій', 'Олександрович', 'Папазов', 1),
(190, 'Володимир', 'Петрович', 'Гаразд', 1),
(191, 'Оксана', 'Михайлівна', 'Пак', 1),
(192, 'Зоряна', 'Ярославівна', 'Шанайда', 1),
(193, 'Валерій', 'Федорович', 'ПРУС', 1),
(194, 'Тетяна', 'Володимирівна', 'Сергійчук', 1),
(195, 'Віталій', 'Любомирович', 'Терлецький', 1),
(196, 'Максим', 'Володимирович', 'Кравцов', 1),
(197, 'Оксана', 'Михайлівна', 'Іваненко', 1),
(198, 'Галина', 'Михайлівна', 'Мазурик', 1),
(199, 'Наталія', 'Ігорівнач', 'Чекальська', 1),
(200, 'Юрій', 'Орестович', 'Чериба', 1),
(201, 'Оксана', 'Іванівна', 'Аршулік', 1),
(202, 'Валентина', 'Миколаївна', 'Стібак', 1),
(203, 'Олег', 'Львович', 'Дмитрах', 1),
(204, 'Оскар', 'Олегович', 'Дмитрах', 1),
(205, 'Руслана', 'Богданівна', 'Сапбиєва', 1),
(206, 'Олександра', 'Василівна', 'Бакальська', 1),
(207, 'Марта', 'Іванівна', 'Подоба', 1),
(208, 'Сергій', 'Віталійович', 'Федик', 1),
(209, 'Юрій', 'Мирославович', 'Іваник', 1),
(210, 'Любомир', 'Святославович', 'Виговський', 1),
(211, 'Христина', 'Романівна', 'Штих', 1),
(212, 'Ігор', 'Михайлович', 'Бучма', 1),
(213, 'Денис', 'Анатолійович', 'Дишкант', 1),
(214, 'Роман', 'Васильович', 'Романчук', 1),
(215, 'Олександр', 'Валерійович', 'Адамчук', 1),
(216, 'Наталія', 'Євгенівна', 'Рак', 1),
(217, 'Віктор', 'Васильович', 'Ничипорчук', 1),
(218, 'Михайло', 'Володимирович', 'Цимбала', 1),
(219, 'Анна', 'Олексіївна', 'Максимович', 1),
(220, 'Микола', 'Павлович', 'Гаврилюк', 1),
(221, 'Наталія', 'Богданівна', 'Мархевка', 1),
(222, 'Василь', 'Михайлович', 'Вовк', 1),
(223, 'Олена', 'Зіновіївна', 'Співакова', 1),
(224, 'Володимир', 'Дмитрович', 'Васильченко', 1),
(225, 'Володимир', 'Андрійович', 'Онишкевич', 1),
(226, 'Тарас', 'Ігорович', 'Івасів', 1),
(227, 'Надія', 'Олегівна', 'Зинюк', 1),
(228, 'Олег', 'Іванович', 'Крупа', 1),
(229, 'Юрій', 'Володимирович', 'Савчишак', 1),
(230, 'Галина', 'Ігорівна', 'Тшнадель', 1),
(231, 'Любомир', 'Юрійович', 'Чіпак', 1),
(232, 'Юлія', 'Олександрівна', 'Коцовська', 1),
(233, 'Наталія', 'Віталіївна', 'Метелюк', 1),
(234, 'Христина', 'Вікторівна', 'Турленко', 1),
(235, 'Любов', 'Михайлівна', 'Макар', 1),
(236, 'Володимир', 'Ярославович', 'Писко', 1),
(237, 'Ігор', 'Васильович', 'Васютин', 1),
(238, 'Любов', 'Зіновіївна', 'Зубань', 1),
(239, 'Сергій', 'Ігорович', 'Чмелик', 1),
(240, 'Юрій', 'Іванович', 'Гевко', 1),
(241, 'Зоряна', 'Орестівна', 'Руда', 1),
(242, 'Андрій', 'Юрійович', 'Ігуменцев', 1),
(243, 'Володимир', 'Анатолійович', 'Федо', 1),
(244, 'Василь', 'Миколайович', 'Гайдучок', 1),
(245, 'Тетяна', 'Іванівна', 'Гуменецька', 1),
(246, 'Андрій', 'Романович', 'Стасишин', 1),
(247, 'Олександра', 'Романівна', 'Федак', 1),
(248, 'Віктор', 'Анатолійович', 'Іванов', 1),
(249, 'Галина', 'Іванівна', 'Мазур', 1),
(250, 'Зіновія', 'Іванівна', 'Бойків', 1),
(251, 'Руслан', 'Євгенович', 'Красневич', 1),
(252, 'Роман', 'Романович', 'Чорнописький', 1),
(253, 'Ольга', 'Михайлівна', 'Ардан', 1),
(254, 'Михайло', 'Михайлович', 'Чуквінський', 1),
(255, 'Оксана', 'Богданівна', 'Кравець', 1),
(256, 'Ольга', 'Йосипівна', 'Коцовська', 1),
(257, 'Юрій', 'Миколайович', 'Кіча', 1),
(258, 'Олександр', 'Олегович', 'Янюк', 1),
(259, 'Наталія', 'Володимирівна', 'Лозинська', 1),
(260, 'Мирон', 'Іванович', 'Хамуляк', 1),
(261, 'Роман', 'Володимирович', 'Трощілов', 1),
(262, 'Ольга', 'Ігорівна', 'Драбик', 1),
(263, 'Неоніла', 'Юріївна', 'Гловацька', 1),
(264, 'Остап', 'Романович', 'Брилинський', 1),
(265, 'Ольга', 'Іванівна', 'Радюк', 1),
(266, 'Ольга', 'Михайлівна', 'Коник-Фреймут', 1),
(267, 'Іван', 'Володимирович', 'Петлюк', 1),
(268, 'Надія', 'Мирославівна', 'Бурак', 1),
(269, 'Людмила', 'Олександрівна', 'Кутня', 1),
(270, 'Роман', 'Йосипович', 'Радь', 1),
(271, 'Галина', 'Степанівна', 'Бучківська', 1),
(272, 'Ярослава', 'Андріївна', 'Владика', 1),
(273, 'Андрій', 'Степанович', 'Карплюк', 1),
(274, 'Галина', 'Орестівна', 'Тюмнєва', 1),
(275, 'Галина', 'Петрівна', 'Храмова', 1),
(276, 'Олександр', 'Валерійович', 'Зубрихін', 1),
(277, 'Ніна', 'Михайлівна', 'Тичиніна', 1),
(278, 'Ольга', 'Михайлівна', 'Кашуба', 1),
(279, 'Орест', 'Романович', 'Кабаш', 1),
(280, 'Ольга', 'Іванівна', 'Кохана', 1),
(281, 'Оксана', 'Михайлівна', 'Крет', 1),
(282, 'Оксана', 'Юріївна', 'Супрун', 1),
(283, 'Сергій', 'Сергійович', 'Шульгачик', 1),
(284, 'Ігор', 'Іванович', 'Венгер', 1),
(285, 'Сергій', 'Юрійович', 'Літневський', 1),
(286, 'Ганна', 'Іванівна', 'Яньо', 1),
(287, 'Володимир', 'Іванович', 'Думич', 1),
(288, 'Стефанія', 'Іллівна', 'Гальович', 1),
(289, 'Ірина', 'Юріївна', 'Ковпак', 1),
(290, 'Зіновій', 'Петрович', 'Ярошко', 1),
(291, 'Віра', 'Богданівна', 'Подольська', 1),
(292, 'Сергій', 'Юрійович', 'Поплавський', 1),
(293, 'Наталія', 'Володимирівна', 'Ярощак', 1),
(294, 'Тарас', 'Михайлович', 'Стріжик', 1),
(295, 'Руслан', 'Дмитрович', 'Палійчук', 1),
(296, 'Жанна', 'Георгіївна', 'Густова', 1),
(297, 'Стефанія', 'Миколаївна', 'Черкас', 1),
(298, 'Світлана', 'Олександрівна', 'Єлісєєва', 1),
(299, 'Ольга', 'Вікторівна', 'Мінєєва', 1),
(300, 'Ірина', 'Андріївна', 'Вороніна', 1),
(301, 'Світлана', 'Василівна', 'Левчук', 1),
(302, 'Роман', 'Володимирович', 'Кіндер', 1),
(303, 'Ярослава', 'Володимирівна', 'Герас', 1),
(304, 'Артем', 'Вікторович', 'Рожинський', 1),
(305, 'Тарас', 'Ярославович', 'Шайген', 1),
(306, 'Наталія', 'Іванівна', 'Вакуленко', 1),
(307, 'Наталія', 'Іванівна', 'Андрущакевич', 1),
(308, 'Оксана', 'Василівна', 'Копець', 1),
(309, 'Інна', 'Василівна', 'Швець', 1),
(310, 'Віра', 'Андріївна', 'Сподар', 1),
(311, 'Наталія', 'Ярославівна', 'Голуб', 1),
(312, 'Лев', 'Юрійович', 'Підлісецький', 1),
(313, 'Тетяна', 'Петрівна', 'Найчук', 1),
(314, 'Сергій', 'Володимирович', 'Сергійчук', 1),
(315, 'Василь', 'Миколайович', 'Варгас', 1),
(316, 'Галина', 'Іванівна', 'Камінецька', 1),
(317, 'Наталія', 'Олександрівна', 'Вербова', 1),
(318, 'Наталія', 'Сергіївна', 'Лука', 1),
(319, 'Анастасія', 'Олександрівна', 'Данілова', 1),
(320, 'Роман', 'Ярославович', 'Микитка', 1),
(321, 'Світлана', 'Петрівна', 'Довбета', 0),
(322, 'Данило', 'Романович', 'Довбета', 0),
(323, 'Дарина', 'Романівна', 'Довбета', 0);

-- --------------------------------------------------------

--
-- Table structure for table `osbb_personalaccount`
--

CREATE TABLE `osbb_personalaccount` (
  `apartment_id` int(11) NOT NULL,
  `number` varchar(20) COLLATE utf8mb4_unicode_ci NOT NULL
) ENGINE=InnoDB DEFAULT CHARSET=utf8mb4 COLLATE=utf8mb4_unicode_ci;

--
-- Dumping data for table `osbb_personalaccount`
--

INSERT INTO `osbb_personalaccount` (`apartment_id`, `number`) VALUES
(1, '1711'),
(2, '1712'),
(3, '1713'),
(4, '1714'),
(5, '1715'),
(6, '1716'),
(7, '1717'),
(8, '1718'),
(9, '1719'),
(10, '17110'),
(11, '17111'),
(12, '17112'),
(13, '17113'),
(14, '17114'),
(15, '17115'),
(16, '17116'),
(17, '17117'),
(18, '17118'),
(19, '17119'),
(20, '17120'),
(21, '17121'),
(22, '17122999'),
(23, '17122'),
(24, '17123999'),
(25, '17123'),
(26, '17124'),
(27, '17124999'),
(28, '17125'),
(29, '17126'),
(30, '17127'),
(31, '17128'),
(32, '17129'),
(33, '17130'),
(34, '17131'),
(35, '17132'),
(36, '17133'),
(37, '17134'),
(38, '17135'),
(39, '17136'),
(40, '17137'),
(41, '17138'),
(42, '17139'),
(43, '17140'),
(44, '17141'),
(45, '17142'),
(46, '17143'),
(47, '17144'),
(48, '17145'),
(49, '17146999'),
(50, '17146'),
(51, '17147'),
(52, '17148999'),
(53, '17148'),
(54, '17149'),
(55, '17150'),
(56, '17151'),
(57, '17152'),
(58, '17153'),
(59, '17154'),
(60, '17155'),
(61, '17156'),
(62, '17157'),
(63, '17158'),
(64, '17159'),
(65, '17160'),
(66, '17161'),
(67, '17162'),
(68, '17163'),
(69, '17164'),
(70, '17165'),
(71, '17166'),
(72, '17167'),
(73, '17168'),
(74, '17169'),
(75, '17170'),
(76, '17171'),
(77, '17172'),
(78, '17173'),
(79, '17174'),
(80, '17175'),
(81, '17176'),
(82, '17177'),
(83, '17178'),
(84, '17179'),
(85, '17180'),
(86, '17181'),
(87, '17182'),
(88, '17183'),
(89, '17184'),
(90, '17185'),
(91, '17186'),
(92, '17187'),
(93, '17188'),
(94, '17188999'),
(95, '17189'),
(96, '17190'),
(97, '17191'),
(98, '17192'),
(99, '17193'),
(100, '17194'),
(101, '17195'),
(102, '17196'),
(103, '17197'),
(104, '17198'),
(105, '17199'),
(106, '171100'),
(107, '171101'),
(108, '171102'),
(109, '171103'),
(110, '171104'),
(111, '171105'),
(112, '171106'),
(113, '171107'),
(114, '171108'),
(115, '171109'),
(116, '171110'),
(117, '171110999'),
(118, '171111999'),
(119, '171111'),
(120, '171112'),
(121, '171112999'),
(122, '171113'),
(123, '171114'),
(124, '171115'),
(125, '171116'),
(126, '171117'),
(127, '171118'),
(128, '171119'),
(129, '171120'),
(130, '171121'),
(131, '171122'),
(132, '171123'),
(133, '171124'),
(134, '171125'),
(135, '171126'),
(136, '171127'),
(137, '171128'),
(138, '171129'),
(139, '171130'),
(140, '171131'),
(141, '171132'),
(142, '171133'),
(143, '171134'),
(144, '171134999'),
(145, '171135'),
(146, '171136'),
(147, '171136999'),
(148, '171137'),
(149, '171138'),
(150, '171139'),
(151, '171140'),
(152, '171141'),
(153, '171142'),
(154, '171143'),
(155, '171144'),
(156, '171145'),
(157, '171146'),
(158, '171147'),
(159, '171148'),
(160, '171149'),
(161, '171150'),
(162, '171151'),
(163, '171152'),
(164, '171153'),
(165, '171154'),
(166, '171155'),
(167, '171156'),
(168, '171157'),
(169, '171158'),
(170, '171158999'),
(171, '171159'),
(172, '171160999'),
(173, '171160'),
(174, '171161'),
(175, '171162'),
(176, '171163'),
(177, '171164'),
(178, '171165'),
(179, '171166'),
(180, '171167'),
(181, '171168'),
(182, '171169'),
(183, '171170'),
(184, '171171'),
(185, '171172'),
(186, '171173'),
(187, '171174'),
(188, '171175'),
(189, '171176'),
(190, '171177'),
(191, '171178'),
(192, '171179'),
(193, '171180'),
(194, '171181'),
(195, '171182'),
(196, '171182999'),
(197, '171183'),
(198, '171183999'),
(199, '171184'),
(200, '171184999'),
(201, '171185'),
(202, '171186'),
(203, '171187'),
(204, '171188'),
(205, '171189'),
(206, '171190'),
(207, '171191'),
(208, '171192'),
(209, '171193'),
(210, '171194'),
(211, '171195'),
(212, '171196'),
(213, '171197'),
(214, '171198'),
(215, '171199'),
(216, '171199999'),
(217, '171200'),
(218, '171201'),
(219, '171202'),
(220, '171203'),
(221, '171204'),
(222, '171205'),
(223, '171206'),
(224, '171207'),
(225, '171208'),
(226, '171209'),
(227, '171210'),
(228, '171211'),
(229, '171212'),
(230, '171213'),
(231, '171214'),
(232, '171215'),
(233, '171216'),
(234, '171217'),
(235, '171218'),
(236, '171219'),
(237, '171220'),
(238, '171221'),
(239, '171222'),
(240, '171223'),
(241, '171224'),
(242, '171225'),
(243, '171226'),
(244, '171227'),
(245, '171228'),
(246, '171229'),
(247, '171230'),
(248, '171231'),
(249, '171232'),
(250, '171233'),
(251, '171234'),
(252, '171235'),
(253, '171236'),
(254, '171237'),
(255, '171238'),
(256, '171239'),
(257, '171240'),
(258, '171241'),
(259, '171242'),
(260, '171243'),
(261, '171244'),
(262, '171245'),
(263, '171246'),
(264, '171246999'),
(265, '171247'),
(266, '171248999'),
(267, '171248'),
(268, '171249'),
(269, '171250'),
(270, '171251'),
(271, '171252'),
(272, '171253'),
(273, '171254'),
(274, '171255'),
(275, '171256'),
(276, '171257'),
(277, '171258'),
(278, '171259'),
(279, '171260'),
(280, '171261'),
(281, '171262'),
(282, '171263'),
(283, '171264'),
(284, '171265'),
(285, '171266'),
(286, '171267'),
(287, '171268'),
(288, '171269'),
(289, '171270999'),
(290, '171270'),
(291, '171271'),
(292, '171272999'),
(293, '171272'),
(294, '171273'),
(295, '171274'),
(296, '171275'),
(297, '171276'),
(298, '171277'),
(299, '171278'),
(300, '171279'),
(301, '171280'),
(302, '171281'),
(303, '171282'),
(304, '171283'),
(305, '171284'),
(306, '171285'),
(307, '171286'),
(308, '171287'),
(309, '171288'),
(310, '171289'),
(311, '171290'),
(312, '171291'),
(313, '171292'),
(314, '171293'),
(315, '171294'),
(316, '171294999'),
(317, '171295'),
(318, '171295999'),
(319, '171296999'),
(320, '171296');

-- --------------------------------------------------------

--
-- Table structure for table `osbb_person_apartments`
--

CREATE TABLE `osbb_person_apartments` (
  `id` int(11) NOT NULL,
  `person_id` int(11) NOT NULL,
  `apartment_id` int(11) NOT NULL
) ENGINE=InnoDB DEFAULT CHARSET=utf8mb4 COLLATE=utf8mb4_unicode_ci;

--
-- Dumping data for table `osbb_person_apartments`
--

INSERT INTO `osbb_person_apartments` (`id`, `person_id`, `apartment_id`) VALUES
(1, 1, 1),
(2, 2, 2),
(3, 3, 3),
(4, 4, 4),
(5, 5, 5),
(6, 6, 6),
(7, 7, 7),
(8, 8, 8),
(9, 9, 9),
(10, 10, 10),
(11, 11, 11),
(12, 12, 12),
(13, 13, 13),
(14, 14, 14),
(15, 15, 15),
(16, 16, 16),
(17, 17, 17),
(18, 18, 18),
(19, 19, 19),
(20, 20, 20),
(21, 21, 21),
(22, 22, 22),
(23, 23, 23),
(24, 24, 24),
(25, 25, 25),
(26, 26, 26),
(27, 27, 27),
(28, 28, 28),
(29, 29, 29),
(30, 30, 30),
(31, 31, 31),
(32, 32, 32),
(33, 33, 33),
(34, 34, 34),
(35, 35, 35),
(36, 36, 36),
(37, 37, 37),
(38, 38, 38),
(39, 39, 39),
(40, 40, 40),
(41, 41, 41),
(42, 42, 42),
(43, 43, 43),
(44, 44, 44),
(45, 45, 45),
(46, 46, 46),
(47, 47, 47),
(48, 48, 48),
(49, 49, 49),
(50, 50, 50),
(51, 51, 51),
(52, 52, 52),
(53, 53, 53),
(54, 54, 54),
(55, 55, 55),
(56, 56, 56),
(57, 57, 57),
(58, 58, 58),
(59, 59, 59),
(60, 60, 60),
(61, 61, 61),
(62, 62, 62),
(63, 63, 63),
(64, 64, 64),
(65, 65, 65),
(66, 66, 66),
(67, 67, 67),
(68, 68, 68),
(69, 69, 69),
(70, 70, 70),
(71, 71, 71),
(72, 72, 72),
(73, 73, 73),
(74, 74, 74),
(75, 75, 75),
(76, 76, 76),
(77, 77, 77),
(78, 78, 78),
(79, 79, 79),
(80, 80, 80),
(81, 81, 81),
(82, 82, 82),
(83, 83, 83),
(84, 84, 84),
(85, 85, 85),
(86, 86, 86),
(87, 87, 87),
(88, 88, 88),
(89, 89, 89),
(90, 90, 90),
(91, 91, 91),
(92, 92, 92),
(93, 93, 93),
(94, 94, 94),
(95, 95, 95),
(96, 96, 96),
(97, 97, 97),
(98, 98, 98),
(99, 99, 99),
(100, 100, 100),
(101, 101, 101),
(102, 102, 102),
(103, 103, 103),
(104, 104, 104),
(105, 105, 105),
(106, 106, 106),
(107, 107, 107),
(108, 108, 108),
(109, 109, 109),
(110, 110, 110),
(111, 111, 111),
(112, 112, 112),
(113, 113, 113),
(114, 114, 114),
(115, 115, 115),
(116, 116, 116),
(117, 117, 117),
(118, 118, 118),
(119, 119, 119),
(120, 120, 120),
(121, 121, 121),
(122, 122, 122),
(123, 123, 123),
(124, 124, 124),
(125, 125, 125),
(126, 126, 126),
(127, 127, 127),
(128, 128, 128),
(129, 129, 129),
(130, 130, 130),
(131, 131, 131),
(132, 132, 132),
(133, 133, 133),
(134, 134, 134),
(135, 135, 135),
(136, 136, 136),
(137, 137, 137),
(138, 138, 138),
(139, 139, 139),
(140, 140, 140),
(141, 141, 141),
(142, 142, 142),
(143, 143, 143),
(144, 144, 144),
(145, 145, 145),
(146, 146, 146),
(147, 147, 147),
(148, 148, 148),
(149, 149, 149),
(150, 150, 150),
(151, 151, 151),
(152, 152, 152),
(153, 153, 153),
(154, 154, 154),
(155, 155, 155),
(156, 156, 156),
(157, 157, 157),
(158, 158, 158),
(159, 159, 159),
(160, 160, 160),
(161, 161, 161),
(162, 162, 162),
(163, 163, 163),
(164, 164, 164),
(165, 165, 165),
(166, 166, 166),
(167, 167, 167),
(168, 168, 168),
(169, 169, 169),
(170, 170, 170),
(171, 171, 171),
(172, 172, 172),
(173, 173, 173),
(174, 174, 174),
(175, 175, 175),
(176, 176, 176),
(177, 177, 177),
(178, 178, 178),
(179, 179, 179),
(180, 180, 180),
(181, 181, 181),
(182, 182, 182),
(183, 183, 183),
(184, 184, 184),
(185, 185, 185),
(186, 186, 186),
(187, 187, 187),
(188, 188, 188),
(189, 189, 189),
(190, 190, 190),
(191, 191, 191),
(192, 192, 192),
(193, 193, 193),
(194, 194, 194),
(195, 195, 195),
(196, 196, 196),
(197, 197, 197),
(198, 198, 198),
(199, 199, 199),
(200, 200, 200),
(201, 201, 201),
(202, 202, 202),
(203, 203, 203),
(204, 204, 204),
(205, 205, 205),
(206, 206, 206),
(207, 207, 207),
(208, 208, 208),
(209, 209, 209),
(210, 210, 210),
(211, 211, 211),
(212, 212, 212),
(213, 213, 213),
(214, 214, 214),
(215, 215, 215),
(216, 216, 216),
(217, 217, 217),
(218, 218, 218),
(219, 219, 219),
(220, 220, 220),
(221, 221, 221),
(222, 222, 222),
(223, 223, 223),
(224, 224, 224),
(225, 225, 225),
(226, 226, 226),
(227, 227, 227),
(228, 228, 228),
(229, 229, 229),
(230, 230, 230),
(231, 231, 231),
(232, 232, 232),
(233, 233, 233),
(234, 234, 234),
(235, 235, 235),
(236, 236, 236),
(237, 237, 237),
(238, 238, 238),
(239, 239, 239),
(240, 240, 240),
(241, 241, 241),
(242, 242, 242),
(243, 243, 243),
(244, 244, 244),
(245, 245, 245),
(246, 246, 246),
(247, 247, 247),
(248, 248, 248),
(249, 249, 249),
(250, 250, 250),
(251, 251, 251),
(252, 252, 252),
(253, 253, 253),
(254, 254, 254),
(255, 255, 255),
(256, 256, 256),
(257, 257, 257),
(258, 258, 258),
(259, 259, 259),
(260, 260, 260),
(261, 261, 261),
(262, 262, 262),
(263, 263, 263),
(264, 264, 264),
(265, 265, 265),
(266, 266, 266),
(267, 267, 267),
(268, 268, 268),
(269, 269, 269),
(270, 270, 270),
(271, 271, 271),
(272, 272, 272),
(273, 273, 273),
(274, 274, 274),
(275, 275, 275),
(276, 276, 276),
(277, 277, 277),
(278, 278, 278),
(279, 279, 279),
(280, 280, 280),
(281, 281, 281),
(282, 282, 282),
(283, 283, 283),
(284, 284, 284),
(285, 285, 285),
(286, 286, 286),
(287, 287, 287),
(288, 288, 288),
(289, 289, 289),
(290, 290, 290),
(291, 291, 291),
(292, 292, 292),
(293, 293, 293),
(294, 294, 294),
(295, 295, 295),
(296, 296, 296),
(297, 297, 297),
(298, 298, 298),
(299, 299, 299),
(300, 300, 300),
(301, 301, 301),
(302, 302, 302),
(303, 303, 303),
(304, 304, 304),
(305, 305, 305),
(306, 306, 306),
(307, 307, 307),
(308, 308, 308),
(309, 309, 309),
(310, 310, 310),
(311, 311, 311),
(312, 312, 312),
(313, 313, 313),
(314, 314, 314),
(315, 315, 315),
(316, 316, 316),
(317, 317, 317),
(318, 318, 318),
(319, 319, 319),
(320, 320, 320),
(321, 321, 147),
(322, 322, 147),
(323, 323, 147);

-- --------------------------------------------------------

--
-- Table structure for table `osbb_service`
--

CREATE TABLE `osbb_service` (
  `id` int(11) NOT NULL,
  `title` varchar(200) COLLATE utf8mb4_unicode_ci NOT NULL,
  `tariff` double NOT NULL,
  `formula` varchar(200) COLLATE utf8mb4_unicode_ci NOT NULL,
  `created_at` datetime(6) NOT NULL,
  `updated_at` datetime(6) NOT NULL
) ENGINE=InnoDB DEFAULT CHARSET=utf8mb4 COLLATE=utf8mb4_unicode_ci;

--
-- Dumping data for table `osbb_service`
--

INSERT INTO `osbb_service` (`id`, `title`, `tariff`, `formula`, `created_at`, `updated_at`) VALUES
(1, 'Утримання будинку', 3.24, '{tariff}*{personal_account.apartment.area}', '2017-07-19 08:21:08.846917', '2017-07-19 08:21:08.846971'),
(2, 'Теплове навантаження', 1.78, '{tariff}*{personal_account.apartment.area}', '2017-07-19 08:25:20.529840', '2017-07-19 08:25:20.529888'),
(3, 'Опалення (МВт)', 1300, '{tariff}*{personal_account.apartment.heating_usage}', '2017-07-19 08:27:21.415574', '2017-07-19 08:27:21.415629'),
(4, 'Опалення (Гкал)', 1500, '{tariff}*{personal_account.apartment.heating_usage}', '2017-07-19 08:27:51.276542', '2017-07-19 08:27:51.276620');

-- --------------------------------------------------------

--
-- Table structure for table `osbb_service_personal_accounts`
--

CREATE TABLE `osbb_service_personal_accounts` (
  `id` int(11) NOT NULL,
  `service_id` int(11) NOT NULL,
  `personalaccount_id` int(11) NOT NULL
) ENGINE=InnoDB DEFAULT CHARSET=utf8mb4 COLLATE=utf8mb4_unicode_ci;

--
-- Dumping data for table `osbb_service_personal_accounts`
--

INSERT INTO `osbb_service_personal_accounts` (`id`, `service_id`, `personalaccount_id`) VALUES
(1, 1, 1),
(2, 1, 2),
(3, 1, 3),
(4, 1, 4),
(5, 1, 5),
(6, 1, 6),
(7, 1, 7),
(8, 1, 8),
(9, 1, 9),
(10, 1, 10),
(11, 1, 11),
(12, 1, 12),
(13, 1, 13),
(14, 1, 14),
(15, 1, 15),
(16, 1, 16),
(17, 1, 17),
(18, 1, 18),
(19, 1, 19),
(20, 1, 20),
(21, 1, 21),
(22, 1, 22),
(23, 1, 23),
(24, 1, 24),
(25, 1, 25),
(26, 1, 26),
(27, 1, 27),
(28, 1, 28),
(29, 1, 29),
(30, 1, 30),
(31, 1, 31),
(32, 1, 32),
(33, 1, 33),
(34, 1, 34),
(35, 1, 35),
(36, 1, 36),
(37, 1, 37),
(38, 1, 38),
(39, 1, 39),
(40, 1, 40),
(41, 1, 41),
(42, 1, 42),
(43, 1, 43),
(44, 1, 44),
(45, 1, 45),
(46, 1, 46),
(47, 1, 47),
(48, 1, 48),
(49, 1, 49),
(50, 1, 50),
(51, 1, 51),
(52, 1, 52),
(53, 1, 53),
(54, 1, 54),
(55, 1, 55),
(56, 1, 56),
(57, 1, 57),
(58, 1, 58),
(59, 1, 59),
(60, 1, 60),
(61, 1, 61),
(62, 1, 62),
(63, 1, 63),
(64, 1, 64),
(65, 1, 65),
(66, 1, 66),
(67, 1, 67),
(68, 1, 68),
(69, 1, 69),
(70, 1, 70),
(71, 1, 71),
(72, 1, 72),
(73, 1, 73),
(74, 1, 74),
(75, 1, 75),
(76, 1, 76),
(77, 1, 77),
(78, 1, 78),
(79, 1, 79),
(80, 1, 80),
(81, 1, 81),
(82, 1, 82),
(83, 1, 83),
(84, 1, 84),
(85, 1, 85),
(86, 1, 86),
(87, 1, 87),
(88, 1, 88),
(89, 1, 89),
(90, 1, 90),
(91, 1, 91),
(92, 1, 92),
(93, 1, 93),
(94, 1, 94),
(95, 1, 95),
(96, 1, 96),
(97, 1, 97),
(98, 1, 98),
(99, 1, 99),
(100, 1, 100),
(101, 1, 101),
(102, 1, 102),
(103, 1, 103),
(104, 1, 104),
(105, 1, 105),
(106, 1, 106),
(107, 1, 107),
(108, 1, 108),
(109, 1, 109),
(110, 1, 110),
(111, 1, 111),
(112, 1, 112),
(113, 1, 113),
(114, 1, 114),
(115, 1, 115),
(116, 1, 116),
(117, 1, 117),
(118, 1, 118),
(119, 1, 119),
(120, 1, 120),
(121, 1, 121),
(122, 1, 122),
(123, 1, 123),
(124, 1, 124),
(125, 1, 125),
(126, 1, 126),
(127, 1, 127),
(128, 1, 128),
(129, 1, 129),
(130, 1, 130),
(131, 1, 131),
(132, 1, 132),
(133, 1, 133),
(134, 1, 134),
(135, 1, 135),
(136, 1, 136),
(137, 1, 137),
(138, 1, 138),
(139, 1, 139),
(140, 1, 140),
(141, 1, 141),
(142, 1, 142),
(143, 1, 143),
(144, 1, 144),
(145, 1, 145),
(146, 1, 146),
(147, 1, 147),
(148, 1, 148),
(149, 1, 149),
(150, 1, 150),
(151, 1, 151),
(152, 1, 152),
(153, 1, 153),
(154, 1, 154),
(155, 1, 155),
(156, 1, 156),
(157, 1, 157),
(158, 1, 158),
(159, 1, 159),
(160, 1, 160),
(161, 1, 161),
(162, 1, 162),
(163, 1, 163),
(164, 1, 164),
(165, 1, 165),
(166, 1, 166),
(167, 1, 167),
(168, 1, 168),
(169, 1, 169),
(170, 1, 170),
(171, 1, 171),
(172, 1, 172),
(173, 1, 173),
(174, 1, 174),
(175, 1, 175),
(176, 1, 176),
(177, 1, 177),
(178, 1, 178),
(179, 1, 179),
(180, 1, 180),
(181, 1, 181),
(182, 1, 182),
(183, 1, 183),
(184, 1, 184),
(185, 1, 185),
(186, 1, 186),
(187, 1, 187),
(188, 1, 188),
(189, 1, 189),
(190, 1, 190),
(191, 1, 191),
(192, 1, 192),
(193, 1, 193),
(194, 1, 194),
(195, 1, 195),
(196, 1, 196),
(197, 1, 197),
(198, 1, 198),
(199, 1, 199),
(200, 1, 200),
(201, 1, 201),
(202, 1, 202),
(203, 1, 203),
(204, 1, 204),
(205, 1, 205),
(206, 1, 206),
(207, 1, 207),
(208, 1, 208),
(209, 1, 209),
(210, 1, 210),
(211, 1, 211),
(212, 1, 212),
(213, 1, 213),
(214, 1, 214),
(215, 1, 215),
(216, 1, 216),
(217, 1, 217),
(218, 1, 218),
(219, 1, 219),
(220, 1, 220),
(221, 1, 221),
(222, 1, 222),
(223, 1, 223),
(224, 1, 224),
(225, 1, 225),
(226, 1, 226),
(227, 1, 227),
(228, 1, 228),
(229, 1, 229),
(230, 1, 230),
(231, 1, 231),
(232, 1, 232),
(233, 1, 233),
(234, 1, 234),
(235, 1, 235),
(236, 1, 236),
(237, 1, 237),
(238, 1, 238),
(239, 1, 239),
(240, 1, 240),
(241, 1, 241),
(242, 1, 242),
(243, 1, 243),
(244, 1, 244),
(245, 1, 245),
(246, 1, 246),
(247, 1, 247),
(248, 1, 248),
(249, 1, 249),
(250, 1, 250),
(251, 1, 251),
(252, 1, 252),
(253, 1, 253),
(254, 1, 254),
(255, 1, 255),
(256, 1, 256),
(257, 1, 257),
(258, 1, 258),
(259, 1, 259),
(260, 1, 260),
(261, 1, 261),
(262, 1, 262),
(263, 1, 263),
(264, 1, 264),
(265, 1, 265),
(266, 1, 266),
(267, 1, 267),
(268, 1, 268),
(269, 1, 269),
(270, 1, 270),
(271, 1, 271),
(272, 1, 272),
(273, 1, 273),
(274, 1, 274),
(275, 1, 275),
(276, 1, 276),
(277, 1, 277),
(278, 1, 278),
(279, 1, 279),
(280, 1, 280),
(281, 1, 281),
(282, 1, 282),
(283, 1, 283),
(284, 1, 284),
(285, 1, 285),
(286, 1, 286),
(287, 1, 287),
(288, 1, 288),
(289, 1, 289),
(290, 1, 290),
(291, 1, 291),
(292, 1, 292),
(293, 1, 293),
(294, 1, 294),
(295, 1, 295),
(296, 1, 296),
(297, 1, 297),
(298, 1, 298),
(299, 1, 299),
(300, 1, 300),
(301, 1, 301),
(302, 1, 302),
(303, 1, 303),
(304, 1, 304),
(305, 1, 305),
(306, 1, 306),
(307, 1, 307),
(308, 1, 308),
(309, 1, 309),
(310, 1, 310),
(311, 1, 311),
(312, 1, 312),
(313, 1, 313),
(314, 1, 314),
(315, 1, 315),
(316, 1, 316),
(317, 1, 317),
(318, 1, 318),
(319, 1, 319),
(320, 1, 320),
(321, 2, 1),
(322, 2, 2),
(323, 2, 3),
(324, 2, 4),
(325, 2, 5),
(326, 2, 6),
(327, 2, 7),
(328, 2, 8),
(329, 2, 9),
(330, 2, 10),
(331, 2, 11),
(332, 2, 12),
(333, 2, 13),
(334, 2, 14),
(335, 2, 15),
(336, 2, 16),
(337, 2, 17),
(338, 2, 18),
(339, 2, 19),
(340, 2, 20),
(341, 2, 21),
(342, 2, 22),
(343, 2, 23),
(344, 2, 24),
(345, 2, 25),
(346, 2, 26),
(347, 2, 27),
(348, 2, 28),
(349, 2, 29),
(350, 2, 30),
(351, 2, 31),
(352, 2, 32),
(353, 2, 33),
(354, 2, 34),
(355, 2, 35),
(356, 2, 36),
(357, 2, 37),
(358, 2, 38),
(359, 2, 39),
(360, 2, 40),
(361, 2, 41),
(362, 2, 42),
(363, 2, 43),
(364, 2, 44),
(365, 2, 45),
(366, 2, 46),
(367, 2, 47),
(368, 2, 48),
(369, 2, 49),
(370, 2, 50),
(371, 2, 51),
(372, 2, 52),
(373, 2, 53),
(374, 2, 54),
(375, 2, 55),
(376, 2, 56),
(377, 2, 57),
(378, 2, 58),
(379, 2, 59),
(380, 2, 60),
(381, 2, 61),
(382, 2, 62),
(383, 2, 63),
(384, 2, 64),
(385, 2, 65),
(386, 2, 66),
(387, 2, 67),
(388, 2, 68),
(389, 2, 69),
(390, 2, 70),
(391, 2, 71),
(392, 2, 72),
(393, 2, 73),
(394, 2, 74),
(395, 2, 75),
(396, 2, 76),
(397, 2, 77),
(398, 2, 78),
(399, 2, 79),
(400, 2, 80),
(401, 2, 81),
(402, 2, 82),
(403, 2, 83),
(404, 2, 84),
(405, 2, 85),
(406, 2, 86),
(407, 2, 87),
(408, 2, 88),
(409, 2, 89),
(410, 2, 90),
(411, 2, 91),
(412, 2, 92),
(413, 2, 93),
(414, 2, 94),
(415, 2, 95),
(416, 2, 96),
(417, 2, 97),
(418, 2, 98),
(419, 2, 99),
(420, 2, 100),
(421, 2, 101),
(422, 2, 102),
(423, 2, 103),
(424, 2, 104),
(425, 2, 105),
(426, 2, 106),
(427, 2, 107),
(428, 2, 108),
(429, 2, 109),
(430, 2, 110),
(431, 2, 111),
(432, 2, 112),
(433, 2, 113),
(434, 2, 114),
(435, 2, 115),
(436, 2, 116),
(437, 2, 117),
(438, 2, 118),
(439, 2, 119),
(440, 2, 120),
(441, 2, 121),
(442, 2, 122),
(443, 2, 123),
(444, 2, 124),
(445, 2, 125),
(446, 2, 126),
(447, 2, 127),
(448, 2, 128),
(449, 2, 129),
(450, 2, 130),
(451, 2, 131),
(452, 2, 132),
(453, 2, 133),
(454, 2, 134),
(455, 2, 135),
(456, 2, 136),
(457, 2, 137),
(458, 2, 138),
(459, 2, 139),
(460, 2, 140),
(461, 2, 141),
(462, 2, 142),
(463, 2, 143),
(464, 2, 144),
(465, 2, 145),
(466, 2, 146),
(467, 2, 147),
(468, 2, 148),
(469, 2, 149),
(470, 2, 150),
(471, 2, 151),
(472, 2, 152),
(473, 2, 153),
(474, 2, 154),
(475, 2, 155),
(476, 2, 156),
(477, 2, 157),
(478, 2, 158),
(479, 2, 159),
(480, 2, 160),
(481, 2, 161),
(482, 2, 162),
(483, 2, 163),
(484, 2, 164),
(485, 2, 165),
(486, 2, 166),
(487, 2, 167),
(488, 2, 168),
(489, 2, 169),
(490, 2, 170),
(491, 2, 171),
(492, 2, 172),
(493, 2, 173),
(494, 2, 174),
(495, 2, 175),
(496, 2, 176),
(497, 2, 177),
(498, 2, 178),
(499, 2, 179),
(500, 2, 180),
(501, 2, 181),
(502, 2, 182),
(503, 2, 183),
(504, 2, 184),
(505, 2, 185),
(506, 2, 186),
(507, 2, 187),
(508, 2, 188),
(509, 2, 189),
(510, 2, 190),
(511, 2, 191),
(512, 2, 192),
(513, 2, 193),
(514, 2, 194),
(515, 2, 195),
(516, 2, 196),
(517, 2, 197),
(518, 2, 198),
(519, 2, 199),
(520, 2, 200),
(521, 2, 201),
(522, 2, 202),
(523, 2, 203),
(524, 2, 204),
(525, 2, 205),
(526, 2, 206),
(527, 2, 207),
(528, 2, 208),
(529, 2, 209),
(530, 2, 210),
(531, 2, 211),
(532, 2, 212),
(533, 2, 213),
(534, 2, 214),
(535, 2, 215),
(536, 2, 216),
(537, 2, 217),
(538, 2, 218),
(539, 2, 219),
(540, 2, 220),
(541, 2, 221),
(542, 2, 222),
(543, 2, 223),
(544, 2, 224),
(545, 2, 225),
(546, 2, 226),
(547, 2, 227),
(548, 2, 228),
(549, 2, 229),
(550, 2, 230),
(551, 2, 231),
(552, 2, 232),
(553, 2, 233),
(554, 2, 234),
(555, 2, 235),
(556, 2, 236),
(557, 2, 237),
(558, 2, 238),
(559, 2, 239),
(560, 2, 240),
(561, 2, 241),
(562, 2, 242),
(563, 2, 243),
(564, 2, 244),
(565, 2, 245),
(566, 2, 246),
(567, 2, 247),
(568, 2, 248),
(569, 2, 249),
(570, 2, 250),
(571, 2, 251),
(572, 2, 252),
(573, 2, 253),
(574, 2, 254),
(575, 2, 255),
(576, 2, 256),
(577, 2, 257),
(578, 2, 258),
(579, 2, 259),
(580, 2, 260),
(581, 2, 261),
(582, 2, 262),
(583, 2, 263),
(584, 2, 264),
(585, 2, 265),
(586, 2, 266),
(587, 2, 267),
(588, 2, 268),
(589, 2, 269),
(590, 2, 270),
(591, 2, 271),
(592, 2, 272),
(593, 2, 273),
(594, 2, 274),
(595, 2, 275),
(596, 2, 276),
(597, 2, 277),
(598, 2, 278),
(599, 2, 279),
(600, 2, 280),
(601, 2, 281),
(602, 2, 282),
(603, 2, 283),
(604, 2, 284),
(605, 2, 285),
(606, 2, 286),
(607, 2, 287),
(608, 2, 288),
(609, 2, 289),
(610, 2, 290),
(611, 2, 291),
(612, 2, 292),
(613, 2, 293),
(614, 2, 294),
(615, 2, 295),
(616, 2, 296),
(617, 2, 297),
(618, 2, 298),
(619, 2, 299),
(620, 2, 300),
(621, 2, 301),
(622, 2, 302),
(623, 2, 303),
(624, 2, 304),
(625, 2, 305),
(626, 2, 306),
(627, 2, 307),
(628, 2, 308),
(629, 2, 309),
(630, 2, 310),
(631, 2, 311),
(632, 2, 312),
(633, 2, 313),
(634, 2, 314),
(635, 2, 315),
(636, 2, 316),
(637, 2, 317),
(638, 2, 318),
(639, 2, 319),
(640, 2, 320),
(641, 3, 1),
(642, 3, 2),
(643, 3, 3),
(644, 3, 4),
(645, 3, 5),
(646, 3, 6),
(647, 3, 7),
(648, 3, 8),
(649, 3, 9),
(650, 3, 10),
(651, 3, 11),
(652, 3, 12),
(653, 3, 13),
(654, 3, 14),
(655, 3, 15),
(656, 3, 16),
(657, 3, 17),
(658, 3, 18),
(659, 3, 19),
(660, 3, 20),
(661, 3, 21),
(662, 3, 22),
(663, 3, 23),
(664, 3, 24),
(665, 3, 25),
(666, 3, 26),
(667, 3, 27),
(668, 3, 28),
(669, 3, 29),
(670, 3, 30),
(671, 3, 31),
(672, 3, 32),
(673, 3, 33),
(674, 3, 34),
(675, 3, 35),
(676, 3, 36),
(677, 3, 37),
(678, 3, 38),
(679, 3, 39),
(680, 3, 40),
(681, 3, 41),
(682, 3, 42),
(683, 3, 43),
(684, 3, 44),
(685, 3, 45),
(686, 3, 46),
(687, 3, 47),
(688, 3, 48),
(689, 3, 49),
(690, 3, 50),
(691, 3, 51),
(692, 3, 52),
(693, 3, 53),
(694, 3, 54),
(695, 3, 55),
(696, 3, 56),
(697, 3, 57),
(698, 3, 58),
(699, 3, 59),
(700, 3, 60),
(701, 3, 61),
(702, 3, 62),
(703, 3, 63),
(704, 3, 64),
(705, 3, 65),
(706, 3, 66),
(707, 3, 67),
(708, 3, 68),
(709, 3, 69),
(710, 3, 70),
(711, 3, 71),
(712, 3, 72),
(713, 3, 73),
(714, 3, 74),
(715, 3, 75),
(716, 3, 76),
(717, 3, 77),
(718, 3, 78),
(719, 3, 79),
(720, 3, 80),
(721, 3, 81),
(722, 3, 82),
(723, 3, 83),
(724, 3, 84),
(725, 3, 85),
(726, 3, 86),
(727, 3, 87),
(728, 3, 88),
(729, 3, 89),
(730, 3, 90),
(731, 3, 91),
(732, 3, 92),
(733, 3, 93),
(734, 3, 94),
(735, 3, 95),
(736, 3, 96),
(737, 3, 97),
(738, 3, 98),
(739, 3, 99),
(740, 3, 100),
(741, 3, 101),
(742, 3, 102),
(743, 3, 103),
(744, 3, 104),
(745, 3, 105),
(746, 3, 106),
(747, 3, 107),
(748, 3, 108),
(749, 3, 109),
(750, 3, 110),
(751, 3, 111),
(752, 3, 112),
(753, 3, 113),
(754, 3, 114),
(755, 3, 115),
(756, 3, 116),
(757, 3, 117),
(758, 3, 118),
(759, 3, 119),
(760, 3, 120),
(761, 3, 121),
(762, 3, 122),
(763, 3, 123),
(764, 3, 124),
(765, 3, 125),
(766, 3, 126),
(767, 3, 127),
(768, 3, 128),
(769, 3, 129),
(770, 3, 130),
(771, 3, 131),
(772, 3, 132),
(773, 3, 133),
(774, 3, 134),
(775, 3, 135),
(776, 3, 136),
(777, 3, 137),
(778, 3, 138),
(779, 3, 139),
(780, 3, 140),
(781, 3, 141),
(782, 3, 142),
(783, 3, 143),
(784, 3, 144),
(785, 3, 145),
(786, 3, 146),
(787, 3, 147),
(788, 3, 148),
(789, 3, 149),
(790, 3, 150),
(791, 3, 151),
(792, 3, 152),
(793, 3, 153),
(794, 3, 154),
(795, 3, 155),
(796, 3, 156),
(797, 3, 157),
(798, 3, 158),
(799, 3, 159),
(800, 3, 160),
(801, 3, 161),
(802, 3, 162),
(803, 3, 163),
(804, 3, 164),
(805, 3, 165),
(806, 3, 166),
(807, 3, 167),
(808, 3, 168),
(809, 3, 169),
(810, 3, 170),
(811, 3, 171),
(812, 3, 172),
(813, 3, 173),
(814, 3, 174),
(815, 3, 175),
(816, 3, 176),
(817, 3, 177),
(818, 3, 178),
(819, 3, 179),
(820, 3, 180),
(821, 3, 181),
(822, 3, 182),
(823, 3, 183),
(824, 3, 184),
(825, 3, 185),
(826, 3, 186),
(827, 3, 187),
(828, 3, 188),
(829, 3, 189),
(830, 3, 190),
(831, 3, 191),
(832, 3, 192),
(833, 3, 193),
(834, 3, 194),
(835, 3, 195),
(836, 3, 196),
(837, 3, 197),
(838, 3, 198),
(839, 3, 199),
(840, 3, 200),
(841, 3, 201),
(842, 3, 202),
(843, 3, 203),
(844, 3, 204),
(845, 3, 205),
(846, 3, 206),
(847, 3, 207),
(848, 3, 208),
(849, 3, 209),
(850, 3, 210),
(851, 3, 211),
(852, 3, 212),
(853, 3, 213),
(854, 3, 214),
(855, 3, 215),
(856, 3, 216),
(857, 3, 217),
(858, 3, 218),
(859, 3, 219),
(860, 3, 220),
(861, 3, 221),
(862, 3, 222),
(863, 3, 223),
(864, 3, 224),
(865, 3, 225),
(866, 3, 226),
(867, 3, 227),
(868, 3, 228),
(869, 3, 229),
(870, 3, 230),
(871, 3, 231),
(872, 3, 232),
(873, 3, 233),
(874, 3, 234),
(875, 3, 235),
(876, 3, 236),
(877, 3, 237),
(878, 3, 238),
(879, 3, 239),
(880, 3, 240),
(881, 3, 241),
(882, 3, 242),
(883, 3, 243),
(884, 3, 244),
(885, 3, 245),
(886, 3, 246),
(887, 3, 247),
(888, 3, 248),
(889, 3, 249),
(890, 3, 250),
(891, 3, 251),
(892, 3, 252),
(893, 3, 253),
(894, 3, 254),
(895, 3, 255),
(896, 3, 256),
(897, 3, 257),
(898, 3, 258),
(899, 3, 259),
(900, 3, 260),
(901, 3, 261),
(902, 3, 262),
(904, 3, 264),
(905, 3, 265),
(906, 3, 266),
(907, 3, 267),
(908, 3, 268),
(909, 3, 269),
(910, 3, 270),
(911, 3, 271),
(912, 3, 272),
(913, 3, 273),
(914, 3, 274),
(915, 3, 275),
(916, 3, 276),
(917, 3, 277),
(918, 3, 278),
(919, 3, 279),
(920, 3, 280),
(921, 3, 281),
(922, 3, 282),
(923, 3, 283),
(924, 3, 284),
(925, 3, 285),
(926, 3, 286),
(927, 3, 287),
(928, 3, 288),
(929, 3, 289),
(930, 3, 290),
(931, 3, 291),
(932, 3, 292),
(933, 3, 293),
(934, 3, 294),
(935, 3, 295),
(936, 3, 296),
(937, 3, 297),
(938, 3, 298),
(939, 3, 299),
(940, 3, 300),
(941, 3, 301),
(942, 3, 302),
(943, 3, 303),
(944, 3, 304),
(945, 3, 305),
(946, 3, 306),
(947, 3, 307),
(948, 3, 308),
(949, 3, 309),
(950, 3, 310),
(951, 3, 311),
(952, 3, 312),
(953, 3, 313),
(954, 3, 314),
(955, 3, 315),
(956, 3, 316),
(957, 3, 317),
(958, 3, 318),
(959, 3, 319),
(960, 3, 320),
(961, 4, 263);

--
-- Indexes for dumped tables
--

--
-- Indexes for table `auth_group`
--
ALTER TABLE `auth_group`
  ADD PRIMARY KEY (`id`),
  ADD UNIQUE KEY `name` (`name`);

--
-- Indexes for table `auth_group_permissions`
--
ALTER TABLE `auth_group_permissions`
  ADD PRIMARY KEY (`id`),
  ADD UNIQUE KEY `auth_group_permissions_group_id_permission_id_0cd325b0_uniq` (`group_id`,`permission_id`),
  ADD KEY `auth_group_permissio_permission_id_84c5c92e_fk_auth_perm` (`permission_id`);

--
-- Indexes for table `auth_permission`
--
ALTER TABLE `auth_permission`
  ADD PRIMARY KEY (`id`),
  ADD UNIQUE KEY `auth_permission_content_type_id_codename_01ab375a_uniq` (`content_type_id`,`codename`);

--
-- Indexes for table `auth_user`
--
ALTER TABLE `auth_user`
  ADD PRIMARY KEY (`id`),
  ADD UNIQUE KEY `username` (`username`);

--
-- Indexes for table `auth_user_groups`
--
ALTER TABLE `auth_user_groups`
  ADD PRIMARY KEY (`id`),
  ADD UNIQUE KEY `auth_user_groups_user_id_group_id_94350c0c_uniq` (`user_id`,`group_id`),
  ADD KEY `auth_user_groups_group_id_97559544_fk_auth_group_id` (`group_id`);

--
-- Indexes for table `auth_user_user_permissions`
--
ALTER TABLE `auth_user_user_permissions`
  ADD PRIMARY KEY (`id`),
  ADD UNIQUE KEY `auth_user_user_permissions_user_id_permission_id_14a6b632_uniq` (`user_id`,`permission_id`),
  ADD KEY `auth_user_user_permi_permission_id_1fbb5f2c_fk_auth_perm` (`permission_id`);

--
-- Indexes for table `django_admin_log`
--
ALTER TABLE `django_admin_log`
  ADD PRIMARY KEY (`id`),
  ADD KEY `django_admin_log_content_type_id_c4bce8eb_fk_django_co` (`content_type_id`),
  ADD KEY `django_admin_log_user_id_c564eba6_fk_auth_user_id` (`user_id`);

--
-- Indexes for table `django_content_type`
--
ALTER TABLE `django_content_type`
  ADD PRIMARY KEY (`id`),
  ADD UNIQUE KEY `django_content_type_app_label_model_76bd3d3b_uniq` (`app_label`,`model`);

--
-- Indexes for table `django_migrations`
--
ALTER TABLE `django_migrations`
  ADD PRIMARY KEY (`id`);

--
-- Indexes for table `django_session`
--
ALTER TABLE `django_session`
  ADD PRIMARY KEY (`session_key`),
  ADD KEY `django_session_expire_date_a5c62663` (`expire_date`);

--
-- Indexes for table `osbb_accrual`
--
ALTER TABLE `osbb_accrual`
  ADD PRIMARY KEY (`id`),
  ADD KEY `osbb_accrual_personal_account_id_b3f63eb5_fk_osbb_pers` (`personal_account_id`);

--
-- Indexes for table `osbb_accrualdetail`
--
ALTER TABLE `osbb_accrualdetail`
  ADD PRIMARY KEY (`id`),
  ADD KEY `osbb_accrualdetail_accrual_id_95ec11d6_fk_osbb_accrual_id` (`accrual_id`),
  ADD KEY `osbb_accrualdetail_service_id_660da22c_fk_osbb_service_id` (`service_id`);

--
-- Indexes for table `osbb_apartment`
--
ALTER TABLE `osbb_apartment`
  ADD PRIMARY KEY (`id`),
  ADD KEY `osbb_apartment_type_id_05052703_fk_osbb_apartmenttype_id` (`type_id`);

--
-- Indexes for table `osbb_apartmenttype`
--
ALTER TABLE `osbb_apartmenttype`
  ADD PRIMARY KEY (`id`);

--
-- Indexes for table `osbb_balance`
--
ALTER TABLE `osbb_balance`
  ADD PRIMARY KEY (`id`),
  ADD KEY `osbb_balance_personal_account_id_8381dc7f_fk_osbb_pers` (`personal_account_id`);

--
-- Indexes for table `osbb_measurement`
--
ALTER TABLE `osbb_measurement`
  ADD PRIMARY KEY (`id`),
  ADD KEY `osbb_measurement_meter_id_9b9cb4ae_fk_osbb_meter_id` (`meter_id`);

--
-- Indexes for table `osbb_meter`
--
ALTER TABLE `osbb_meter`
  ADD PRIMARY KEY (`id`),
  ADD KEY `osbb_meter_type_id_d3de191b_fk_osbb_metertype_id` (`type_id`),
  ADD KEY `osbb_meter_apartment_id_e643c4d0_fk_osbb_apartment_id` (`apartment_id`);

--
-- Indexes for table `osbb_metertype`
--
ALTER TABLE `osbb_metertype`
  ADD PRIMARY KEY (`id`);

--
-- Indexes for table `osbb_orgaccount`
--
ALTER TABLE `osbb_orgaccount`
  ADD PRIMARY KEY (`id`);

--
-- Indexes for table `osbb_orgbalance`
--
ALTER TABLE `osbb_orgbalance`
  ADD PRIMARY KEY (`id`),
  ADD KEY `osbb_orgbalance_org_account_id_60a3e2f5_fk_osbb_orgaccount_id` (`org_account_id`);

--
-- Indexes for table `osbb_orgcost`
--
ALTER TABLE `osbb_orgcost`
  ADD PRIMARY KEY (`id`),
  ADD KEY `osbb_orgcost_org_account_id_75cc33a4_fk_osbb_orgaccount_id` (`org_account_id`);

--
-- Indexes for table `osbb_payment`
--
ALTER TABLE `osbb_payment`
  ADD PRIMARY KEY (`id`),
  ADD KEY `osbb_payment_org_account_id_098b9de8_fk_osbb_orgaccount_id` (`org_account_id`),
  ADD KEY `osbb_payment_personal_account_id_c4ac66c6_fk_osbb_pers` (`personal_account_id`);

--
-- Indexes for table `osbb_person`
--
ALTER TABLE `osbb_person`
  ADD PRIMARY KEY (`id`);

--
-- Indexes for table `osbb_personalaccount`
--
ALTER TABLE `osbb_personalaccount`
  ADD PRIMARY KEY (`apartment_id`);

--
-- Indexes for table `osbb_person_apartments`
--
ALTER TABLE `osbb_person_apartments`
  ADD PRIMARY KEY (`id`),
  ADD UNIQUE KEY `osbb_person_apartments_person_id_apartment_id_7c8bd133_uniq` (`person_id`,`apartment_id`),
  ADD KEY `osbb_person_apartmen_apartment_id_8b28fb15_fk_osbb_apar` (`apartment_id`);

--
-- Indexes for table `osbb_service`
--
ALTER TABLE `osbb_service`
  ADD PRIMARY KEY (`id`);

--
-- Indexes for table `osbb_service_personal_accounts`
--
ALTER TABLE `osbb_service_personal_accounts`
  ADD PRIMARY KEY (`id`),
  ADD UNIQUE KEY `osbb_service_personal_ac_service_id_personalaccou_d61fe00f_uniq` (`service_id`,`personalaccount_id`),
  ADD KEY `osbb_service_persona_personalaccount_id_e249637f_fk_osbb_pers` (`personalaccount_id`);

--
-- AUTO_INCREMENT for dumped tables
--

--
-- AUTO_INCREMENT for table `auth_group`
--
ALTER TABLE `auth_group`
  MODIFY `id` int(11) NOT NULL AUTO_INCREMENT;
--
-- AUTO_INCREMENT for table `auth_group_permissions`
--
ALTER TABLE `auth_group_permissions`
  MODIFY `id` int(11) NOT NULL AUTO_INCREMENT;
--
-- AUTO_INCREMENT for table `auth_permission`
--
ALTER TABLE `auth_permission`
  MODIFY `id` int(11) NOT NULL AUTO_INCREMENT, AUTO_INCREMENT=64;
--
-- AUTO_INCREMENT for table `auth_user`
--
ALTER TABLE `auth_user`
  MODIFY `id` int(11) NOT NULL AUTO_INCREMENT, AUTO_INCREMENT=2;
--
-- AUTO_INCREMENT for table `auth_user_groups`
--
ALTER TABLE `auth_user_groups`
  MODIFY `id` int(11) NOT NULL AUTO_INCREMENT;
--
-- AUTO_INCREMENT for table `auth_user_user_permissions`
--
ALTER TABLE `auth_user_user_permissions`
  MODIFY `id` int(11) NOT NULL AUTO_INCREMENT;
--
-- AUTO_INCREMENT for table `django_admin_log`
--
ALTER TABLE `django_admin_log`
  MODIFY `id` int(11) NOT NULL AUTO_INCREMENT, AUTO_INCREMENT=20;
--
-- AUTO_INCREMENT for table `django_content_type`
--
ALTER TABLE `django_content_type`
  MODIFY `id` int(11) NOT NULL AUTO_INCREMENT, AUTO_INCREMENT=22;
--
-- AUTO_INCREMENT for table `django_migrations`
--
ALTER TABLE `django_migrations`
  MODIFY `id` int(11) NOT NULL AUTO_INCREMENT, AUTO_INCREMENT=23;
--
-- AUTO_INCREMENT for table `osbb_accrual`
--
ALTER TABLE `osbb_accrual`
  MODIFY `id` int(11) NOT NULL AUTO_INCREMENT;
--
-- AUTO_INCREMENT for table `osbb_accrualdetail`
--
ALTER TABLE `osbb_accrualdetail`
  MODIFY `id` int(11) NOT NULL AUTO_INCREMENT;
--
-- AUTO_INCREMENT for table `osbb_apartment`
--
ALTER TABLE `osbb_apartment`
  MODIFY `id` int(11) NOT NULL AUTO_INCREMENT, AUTO_INCREMENT=321;
--
-- AUTO_INCREMENT for table `osbb_apartmenttype`
--
ALTER TABLE `osbb_apartmenttype`
  MODIFY `id` int(11) NOT NULL AUTO_INCREMENT, AUTO_INCREMENT=6;
--
-- AUTO_INCREMENT for table `osbb_balance`
--
ALTER TABLE `osbb_balance`
  MODIFY `id` int(11) NOT NULL AUTO_INCREMENT;
--
-- AUTO_INCREMENT for table `osbb_measurement`
--
ALTER TABLE `osbb_measurement`
  MODIFY `id` int(11) NOT NULL AUTO_INCREMENT;
--
-- AUTO_INCREMENT for table `osbb_meter`
--
ALTER TABLE `osbb_meter`
  MODIFY `id` int(11) NOT NULL AUTO_INCREMENT, AUTO_INCREMENT=288;
--
-- AUTO_INCREMENT for table `osbb_metertype`
--
ALTER TABLE `osbb_metertype`
  MODIFY `id` int(11) NOT NULL AUTO_INCREMENT, AUTO_INCREMENT=5;
--
-- AUTO_INCREMENT for table `osbb_orgaccount`
--
ALTER TABLE `osbb_orgaccount`
  MODIFY `id` int(11) NOT NULL AUTO_INCREMENT;
--
-- AUTO_INCREMENT for table `osbb_orgbalance`
--
ALTER TABLE `osbb_orgbalance`
  MODIFY `id` int(11) NOT NULL AUTO_INCREMENT;
--
-- AUTO_INCREMENT for table `osbb_orgcost`
--
ALTER TABLE `osbb_orgcost`
  MODIFY `id` int(11) NOT NULL AUTO_INCREMENT;
--
-- AUTO_INCREMENT for table `osbb_payment`
--
ALTER TABLE `osbb_payment`
  MODIFY `id` int(11) NOT NULL AUTO_INCREMENT;
--
-- AUTO_INCREMENT for table `osbb_person`
--
ALTER TABLE `osbb_person`
  MODIFY `id` int(11) NOT NULL AUTO_INCREMENT, AUTO_INCREMENT=324;
--
-- AUTO_INCREMENT for table `osbb_person_apartments`
--
ALTER TABLE `osbb_person_apartments`
  MODIFY `id` int(11) NOT NULL AUTO_INCREMENT, AUTO_INCREMENT=324;
--
-- AUTO_INCREMENT for table `osbb_service`
--
ALTER TABLE `osbb_service`
  MODIFY `id` int(11) NOT NULL AUTO_INCREMENT, AUTO_INCREMENT=5;
--
-- AUTO_INCREMENT for table `osbb_service_personal_accounts`
--
ALTER TABLE `osbb_service_personal_accounts`
  MODIFY `id` int(11) NOT NULL AUTO_INCREMENT, AUTO_INCREMENT=962;
--
-- Constraints for dumped tables
--

--
-- Constraints for table `auth_group_permissions`
--
ALTER TABLE `auth_group_permissions`
  ADD CONSTRAINT `auth_group_permissio_permission_id_84c5c92e_fk_auth_perm` FOREIGN KEY (`permission_id`) REFERENCES `auth_permission` (`id`),
  ADD CONSTRAINT `auth_group_permissions_group_id_b120cbf9_fk_auth_group_id` FOREIGN KEY (`group_id`) REFERENCES `auth_group` (`id`);

--
-- Constraints for table `auth_permission`
--
ALTER TABLE `auth_permission`
  ADD CONSTRAINT `auth_permission_content_type_id_2f476e4b_fk_django_co` FOREIGN KEY (`content_type_id`) REFERENCES `django_content_type` (`id`);

--
-- Constraints for table `auth_user_groups`
--
ALTER TABLE `auth_user_groups`
  ADD CONSTRAINT `auth_user_groups_group_id_97559544_fk_auth_group_id` FOREIGN KEY (`group_id`) REFERENCES `auth_group` (`id`),
  ADD CONSTRAINT `auth_user_groups_user_id_6a12ed8b_fk_auth_user_id` FOREIGN KEY (`user_id`) REFERENCES `auth_user` (`id`);

--
-- Constraints for table `auth_user_user_permissions`
--
ALTER TABLE `auth_user_user_permissions`
  ADD CONSTRAINT `auth_user_user_permi_permission_id_1fbb5f2c_fk_auth_perm` FOREIGN KEY (`permission_id`) REFERENCES `auth_permission` (`id`),
  ADD CONSTRAINT `auth_user_user_permissions_user_id_a95ead1b_fk_auth_user_id` FOREIGN KEY (`user_id`) REFERENCES `auth_user` (`id`);

--
-- Constraints for table `django_admin_log`
--
ALTER TABLE `django_admin_log`
  ADD CONSTRAINT `django_admin_log_content_type_id_c4bce8eb_fk_django_co` FOREIGN KEY (`content_type_id`) REFERENCES `django_content_type` (`id`),
  ADD CONSTRAINT `django_admin_log_user_id_c564eba6_fk_auth_user_id` FOREIGN KEY (`user_id`) REFERENCES `auth_user` (`id`);

--
-- Constraints for table `osbb_accrual`
--
ALTER TABLE `osbb_accrual`
  ADD CONSTRAINT `osbb_accrual_personal_account_id_b3f63eb5_fk_osbb_pers` FOREIGN KEY (`personal_account_id`) REFERENCES `osbb_personalaccount` (`apartment_id`);

--
-- Constraints for table `osbb_accrualdetail`
--
ALTER TABLE `osbb_accrualdetail`
  ADD CONSTRAINT `osbb_accrualdetail_accrual_id_95ec11d6_fk_osbb_accrual_id` FOREIGN KEY (`accrual_id`) REFERENCES `osbb_accrual` (`id`),
  ADD CONSTRAINT `osbb_accrualdetail_service_id_660da22c_fk_osbb_service_id` FOREIGN KEY (`service_id`) REFERENCES `osbb_service` (`id`);

--
-- Constraints for table `osbb_apartment`
--
ALTER TABLE `osbb_apartment`
  ADD CONSTRAINT `osbb_apartment_type_id_05052703_fk_osbb_apartmenttype_id` FOREIGN KEY (`type_id`) REFERENCES `osbb_apartmenttype` (`id`);

--
-- Constraints for table `osbb_balance`
--
ALTER TABLE `osbb_balance`
  ADD CONSTRAINT `osbb_balance_personal_account_id_8381dc7f_fk_osbb_pers` FOREIGN KEY (`personal_account_id`) REFERENCES `osbb_personalaccount` (`apartment_id`);

--
-- Constraints for table `osbb_measurement`
--
ALTER TABLE `osbb_measurement`
  ADD CONSTRAINT `osbb_measurement_meter_id_9b9cb4ae_fk_osbb_meter_id` FOREIGN KEY (`meter_id`) REFERENCES `osbb_meter` (`id`);

--
-- Constraints for table `osbb_meter`
--
ALTER TABLE `osbb_meter`
  ADD CONSTRAINT `osbb_meter_apartment_id_e643c4d0_fk_osbb_apartment_id` FOREIGN KEY (`apartment_id`) REFERENCES `osbb_apartment` (`id`),
  ADD CONSTRAINT `osbb_meter_type_id_d3de191b_fk_osbb_metertype_id` FOREIGN KEY (`type_id`) REFERENCES `osbb_metertype` (`id`);

--
-- Constraints for table `osbb_orgbalance`
--
ALTER TABLE `osbb_orgbalance`
  ADD CONSTRAINT `osbb_orgbalance_org_account_id_60a3e2f5_fk_osbb_orgaccount_id` FOREIGN KEY (`org_account_id`) REFERENCES `osbb_orgaccount` (`id`);

--
-- Constraints for table `osbb_orgcost`
--
ALTER TABLE `osbb_orgcost`
  ADD CONSTRAINT `osbb_orgcost_org_account_id_75cc33a4_fk_osbb_orgaccount_id` FOREIGN KEY (`org_account_id`) REFERENCES `osbb_orgaccount` (`id`);

--
-- Constraints for table `osbb_payment`
--
ALTER TABLE `osbb_payment`
  ADD CONSTRAINT `osbb_payment_org_account_id_098b9de8_fk_osbb_orgaccount_id` FOREIGN KEY (`org_account_id`) REFERENCES `osbb_orgaccount` (`id`),
  ADD CONSTRAINT `osbb_payment_personal_account_id_c4ac66c6_fk_osbb_pers` FOREIGN KEY (`personal_account_id`) REFERENCES `osbb_personalaccount` (`apartment_id`);

--
-- Constraints for table `osbb_personalaccount`
--
ALTER TABLE `osbb_personalaccount`
  ADD CONSTRAINT `osbb_personalaccount_apartment_id_eeb98db9_fk_osbb_apartment_id` FOREIGN KEY (`apartment_id`) REFERENCES `osbb_apartment` (`id`);

--
-- Constraints for table `osbb_person_apartments`
--
ALTER TABLE `osbb_person_apartments`
  ADD CONSTRAINT `osbb_person_apartmen_apartment_id_8b28fb15_fk_osbb_apar` FOREIGN KEY (`apartment_id`) REFERENCES `osbb_apartment` (`id`),
  ADD CONSTRAINT `osbb_person_apartments_person_id_22a48df7_fk_osbb_person_id` FOREIGN KEY (`person_id`) REFERENCES `osbb_person` (`id`);

--
-- Constraints for table `osbb_service_personal_accounts`
--
ALTER TABLE `osbb_service_personal_accounts`
  ADD CONSTRAINT `osbb_service_persona_personalaccount_id_e249637f_fk_osbb_pers` FOREIGN KEY (`personalaccount_id`) REFERENCES `osbb_personalaccount` (`apartment_id`),
  ADD CONSTRAINT `osbb_service_persona_service_id_1d164cfc_fk_osbb_serv` FOREIGN KEY (`service_id`) REFERENCES `osbb_service` (`id`);

/*!40101 SET CHARACTER_SET_CLIENT=@OLD_CHARACTER_SET_CLIENT */;
/*!40101 SET CHARACTER_SET_RESULTS=@OLD_CHARACTER_SET_RESULTS */;
/*!40101 SET COLLATION_CONNECTION=@OLD_COLLATION_CONNECTION */;
